region,metro_area,year,employment_rate,employment_rate_15_64,labor_force,labor_force_participation_rate,not_in_labor_force,population_15plus,unemployment_rate,male_labor_force_participation_rate,male_unemployment_rate,male_employment_rate,male_employment_rate_15_64,female_labor_force_participation_rate,female_unemployment_rate,female_employment_rate,female_employment_rate_15_64,gender_employment_rate_gap,gender_labor_force_participation_gap,youth_employed_share,senior_employed_share,core_30_49_employed_share,working_age_employed_share,wage_worker_share,regular_worker_share,temporary_worker_share,daily_worker_share,self_employed_share,short_hours_worker_share,long_hours_worker_share,average_weekly_hours,college_employed_share,quarter_count,is_complete_year
강원,비수도권,2016,58.175,64.6,771.25,59.875,516.5,1287.75,2.85,68.025,2.875,66.1,71.425,52.1,2.875,50.625,57.575,15.475,15.924999999999999,12.317146856162303,19.385696841155593,42.39645861432956,88.83873603065238,66.93654244280226,45.157419921210845,16.4111679145811,5.367954607010324,26.184207091381506,20.259317056820716,23.671069557231966,42.7,36.80877626525381,4,True
경기,수도권,2016,61.65,67.02499999999999,6767.25,64.15,3780.75,10548.5,3.9,76.1,3.8,73.2,77.9,52.45,4.075,50.325,55.925,22.875,23.650000000000002,15.600235875027128,10.85930205128327,51.0252158965931,94.89199624529385,78.44327335719501,54.242235967008554,19.090303804642595,5.114390790928292,18.576298611753973,15.686754973385018,20.910094802755292,43.375,47.34243601578839,4,True
경남,비수도권,2016,60.575,65.925,1762.75,62.7,1049.5,2812.0,3.325,74.95,3.575,72.275,76.05,50.425,3.025,48.9,55.05,23.375,24.525,13.040996486801454,16.454761826142814,46.089387101188684,90.90779604064039,68.20425144339382,48.35822474006801,16.066658552293326,3.77918114642469,25.84217340909703,18.831929772814703,24.03030885752954,43.225,39.17428688409976,4,True
경북,비수도권,2016,62.375,67.525,1490.25,64.425,822.5,2313.0,3.175,76.225,3.15,73.875,77.225,52.825,3.2,51.150000000000006,57.05,22.724999999999998,23.4,12.51345867985953,22.272956596078163,41.326060449221885,85.9329715750281,64.54266559718005,43.778968409528396,16.3799501367949,4.435968600973918,27.68800771740254,18.438043837188797,23.394175024934373,43.125,32.644771086645974,4,True
광주,비수도권,2016,58.05,62.575,753.25,59.925,504.5,1257.25,3.0749999999999997,71.0,3.175,68.775,72.65,49.425,2.925,47.95,52.599999999999994,20.825000000000003,21.575000000000003,14.139216741128998,12.524086178527401,50.9136163289064,92.91752427046725,73.70468672653716,49.64287126588851,19.51057672778883,4.551238732859819,22.117731032360393,15.425682962956525,19.757073325004104,43.6,50.32859509256075,4,True
대구,비수도권,2016,59.325,65.25,1301.0,61.875,801.5,2102.5,4.15,72.6,4.325,69.475,74.175,51.725,3.9499999999999997,49.725,56.475,19.75,20.875,13.955150691879755,13.524225144399406,47.579725292500335,93.28875865189431,73.06199705157461,44.78258058015757,21.18358361560326,7.076038714879502,22.84925989378184,16.01716173077277,22.479586972031818,43.575,47.80103726839357,4,True
대전,비수도권,2016,59.725,64.625,799.75,61.75,495.75,1295.25,3.225,71.5,3.25,69.175,73.35,52.3,3.2,50.625,55.9,18.55,19.200000000000003,17.252571484065143,11.950719177885935,47.72677202117229,94.08955874095015,79.83630298651492,53.72839802063581,19.77472551590141,6.3975709769980975,17.578153852449752,17.82434339656114,17.100629481991838,42.05,51.60024696599747,4,True
부산,비수도권,2016,56.175,62.625,1754.5,58.45,1246.5,3001.0,3.9,69.05,4.2,66.175,71.925,48.6,3.45,46.925,53.625,19.25,20.449999999999996,14.769150239048288,16.249291281689487,44.63322397000516,92.261759318506,77.41755757744008,48.250260129621424,22.74601012297385,6.436062738556388,19.49839719924647,17.921327650588914,21.69619633102723,42.875,45.74438272636913,4,True
서울,수도권,2016,59.975,65.75,5372.0,62.575,3211.0,8582.75,4.225,72.825,4.175,69.75,75.225,53.15,4.2,50.9,56.775,18.849999999999998,19.675,16.521539351936077,12.76844621553122,48.47990940818421,93.79802545341141,78.52711324466901,50.53355820384034,21.334694981214867,6.668544422899088,18.591666719176086,15.989920565263382,20.231297445145845,43.1,54.05960471969011,4,True
울산,비수도권,2016,58.95,62.45,598.5,61.325,377.5,976.25,3.8,76.625,4.324999999999999,73.325,76.05,45.275,2.925,43.974999999999994,47.7,29.35,31.35,14.287417208000685,11.326401614991166,49.421094163068894,94.44758162328085,81.03112649074755,59.15831461195282,16.92962779338332,4.987431873022034,15.370430047427144,16.732952857122342,21.292580785003302,43.25,40.38201819641493,4,True
인천,수도권,2016,61.775,67.2,1598.0,64.95,863.0,2461.0,4.875,76.725,5.175,72.75,77.675,53.5,4.425000000000001,51.125,56.55,21.625,23.224999999999998,15.585419653936954,11.652758240320718,48.92028742807956,94.77559943177758,81.5491769912718,50.397188718554055,25.494199188108805,5.657885770226001,16.674008681448846,15.362134238047975,21.221846783826514,43.525,38.34159264633894,4,True
전남,비수도권,2016,62.7,67.525,994.25,64.6,544.75,1538.75,3.025,74.275,3.85,71.425,75.0,55.275,1.9,54.225,59.375,17.2,19.0,10.394834559579305,26.38346008600735,39.131100270951585,81.57429739826846,59.646230055367255,35.901559980695765,18.589855791230082,5.154814283441413,30.88155825632275,22.694893455783934,13.06572429475169,39.55,29.37794120973846,4,True
전북,비수도권,2016,59.925,65.475,960.0,61.2,608.75,1568.75,2.075,71.825,2.375,70.125,73.775,51.0,1.65,50.2,56.8,19.924999999999997,20.825,11.775814868489753,21.2075160465476,42.955452186100786,86.28677770231901,63.79801974573337,41.010972870554504,16.844190679774197,5.997359679352856,28.929623421114442,19.12553525749655,17.88491079132415,41.5,39.87471471295011,4,True
제주,비수도권,2016,69.225,73.775,362.75,70.775,149.5,512.5,2.15,77.925,2.55,75.925,79.6,63.800000000000004,1.7,62.75,67.675,13.175000000000002,14.124999999999998,13.727693390648017,18.227113167530042,46.07372053506816,88.74199772608799,65.27016298840798,38.57142491260278,18.520742843516143,8.319248314718603,28.036980285529033,21.41520471687653,25.148870559192726,42.275,43.87740346600114,4,True
충남,비수도권,2016,61.7,67.5,1266.25,63.725,720.5,1986.75,3.175,76.425,3.05,74.1,78.825,50.875,3.45,49.15,55.125,24.949999999999996,25.549999999999997,14.952817724261786,17.0810843667056,45.65023181324493,89.57791821222466,69.63530852503764,49.739755276028994,14.475296670866708,5.39842251700658,24.058769182742665,16.166184795989015,22.267392227008674,43.65,36.283462602651454,4,True
충북,비수도권,2016,62.0,68.2,867.5,63.65,495.25,1362.75,2.625,72.67500000000001,2.45,70.875,75.7,54.75,2.85,53.15,60.3,17.725,17.925000000000004,14.94635401994223,16.26816267992656,44.408892295078815,91.11965295015276,70.32497510344513,48.24185881312518,16.85009219416263,5.234724924134861,23.150983533143886,17.367672023338613,21.075517652204834,42.7,38.11090547020265,4,True
강원,비수도권,2017,60.975,67.1,811.25,62.625,483.75,1295.0,2.65,70.725,2.375,69.05000000000001,73.97500000000001,54.9,3.0,53.275,60.025,15.775000000000004,15.825000000000003,13.36761620522985,21.46699816593774,39.992839292121566,87.35857590683496,66.61898650761914,44.24568684518843,17.525214323998348,4.878610368957399,26.19469190591429,19.76675983177143,23.701608756710282,42.45,36.29413927402308,4,True
경기,수도권,2017,62.125,67.85,6953.5,64.625,3806.5,10759.75,3.875,76.6,3.925,73.575,78.675,52.825,3.75,50.849999999999994,56.775,22.725,23.775,15.519843001120055,11.351260600297515,49.713376826751485,94.79938771051526,77.97811904552955,54.35681842740795,18.44476374869869,5.180225273081803,18.873476378744005,15.159334450788286,20.00008531086432,43.35,46.777316624061505,4,True
경남,비수도권,2017,60.85,66.425,1775.25,62.75,1054.75,2829.75,2.925,74.975,3.3,72.5,76.525,50.45,2.4,49.25,55.525,23.25,24.525,12.364785114278888,17.040848835796204,45.57967366017402,90.47313898371446,67.33928455314309,48.272023648535374,14.670388940284663,4.396871964323053,26.831075627565596,18.138525218684045,24.544048719477296,43.5,40.76794955264425,4,True
경북,비수도권,2017,62.45,67.85,1487.75,64.25,828.5,2316.0,2.775,75.775,2.7,73.775,77.625,52.9,2.925,51.325,57.325,22.450000000000003,22.875,12.02861846818842,22.91533851860227,40.82671579516033,85.54881953582313,64.43992008690574,44.27853481134332,15.466794148022094,4.728685946708754,27.827785753991876,18.159418127374785,21.63624367594145,42.9,34.45978550892923,4,True
광주,비수도권,2017,59.05,63.8,766.0,60.775,494.25,1259.75,2.85,70.5,3.2,68.275,72.5,51.575,2.425,50.325,55.25,17.95,18.924999999999997,14.554824506554999,13.138218240809739,48.98088276407528,92.57528968801519,75.59281845599008,50.85606441559226,19.225648345610644,5.477683234894142,20.909858241649374,16.53362920053185,18.021051820127198,42.849999999999994,50.689400378282414,4,True
대구,비수도권,2017,58.8,65.025,1290.75,61.275,816.75,2107.5,4.0,70.575,4.15,67.625,72.85,52.425,3.8,50.475,57.275,17.15,18.15,12.771385744391239,14.688835506256787,46.6114807168112,92.8777758486762,72.25545850497237,46.63308416423658,18.399573834586132,7.202458764896608,23.890650896200196,15.17025501820109,20.78073905268402,43.35,48.66877887100431,4,True
대전,비수도권,2017,58.9,63.975,791.0,61.0,505.5,1296.0,3.425,71.25,3.475,68.775,73.475,51.1,3.3,49.375,54.45,19.4,20.15,16.891910636674474,12.797163270316965,47.528623622978145,93.71642111322684,79.70678736517804,56.204022624440285,17.93857310460173,5.564191636136039,17.96962489464068,14.636839017389088,16.203360537974255,42.375,53.02843768818913,4,True
부산,비수도권,2017,56.325,63.375,1765.5,59.025000000000006,1226.25,2991.75,4.574999999999999,69.775,4.4,66.7,73.375,49.0,4.825,46.675,53.65,20.025,20.775,14.791694978313746,16.987804632174274,44.495241515664375,92.09251240651326,78.17329751886854,50.28383798601591,21.19799559858783,6.691568478452132,18.695632148865812,17.131784967873788,20.26644315445948,42.7,45.891767932458535,4,True
서울,수도권,2017,60.225,66.35,5396.0,63.05,3160.5,8556.5,4.525,72.95,4.675,69.55,75.44999999999999,54.0,4.35,51.65,57.775,17.9,18.950000000000003,16.54401349776005,13.597833532684067,47.67934889398058,93.55281655251183,79.0828426302693,51.83506083661893,21.041085114865528,6.196982563453421,18.369538815956556,15.756200605573177,18.61964198819261,42.675000000000004,55.06631132364933,4,True
세종,비수도권,2017,61.2,64.775,132.25,62.675,78.75,211.25,2.3,75.15,2.2,73.475,76.475,50.275,2.45,49.05,52.7,24.424999999999997,24.875,13.90357268240579,11.75546691400437,56.58440984139048,93.27844992970324,80.90888883308365,63.172382676953134,14.243761487387854,3.6664107156144574,15.617008143609587,16.348713951191993,17.582884515327564,41.725,60.811924810175185,4,True
울산,비수도권,2017,59.75,63.925,604.75,61.925,371.75,976.5,3.525,75.9,3.825,72.975,76.35,47.4,3.0,45.95,50.475,27.025,28.5,14.525414654049321,11.394454637919427,48.888257838832494,94.68962443246882,80.16014556339672,57.5415757499003,17.048581774789305,5.569988038707115,16.197243408667322,16.492513397075246,20.738991067001127,43.075,41.7285863391319,4,True
인천,수도권,2017,61.625,67.35,1607.5,64.675,877.75,2485.25,4.6499999999999995,76.375,5.3,72.35,77.25,53.25,3.775,51.25,57.3,21.099999999999998,23.125,15.594188648963282,12.441167726030404,47.625917989118804,94.54036113050114,80.87928159897398,51.4529379029194,23.31314041042534,6.1293323178873,16.951169698845252,14.690728566396139,20.45679880185446,43.25,40.309465604638156,4,True
전남,비수도권,2017,62.1,66.75,988.25,64.125,552.75,1541.0,3.15,73.25,3.35,70.825,74.0,55.25,2.95,53.65,58.9,17.174999999999997,18.0,10.011675150505095,27.824346248592146,38.15068994514865,80.84322676081484,60.065532139660625,36.65471213017281,17.584974366115652,5.851698797456956,31.043582597608946,21.293869700199927,12.55640034796442,39.775,31.992755834303264,4,True
전북,비수도권,2017,58.6,64.375,944.5,60.125,626.75,1571.0,2.525,70.775,2.65,68.875,72.875,49.9,2.275,48.75,55.5,20.125,20.875,11.434000532934256,21.87060357552796,42.43986435899556,86.2188860643937,65.42827708835485,42.05611365716557,17.542107911444944,5.828743765953371,27.33534913475097,19.914992928579935,18.116116352538878,41.275000000000006,41.80609819425152,4,True
제주,비수도권,2017,70.925,76.025,381.75,72.3,146.25,527.75,1.95,78.625,2.15,76.925,81.5,66.125,1.725,65.0,70.3,11.925,12.499999999999996,13.63173112404952,18.09799341177972,45.29192858661234,89.18153870433713,68.20122863498567,41.55493850421817,18.895162161076126,7.8853854268371055,26.786142766960495,20.245922929049488,20.049587454038438,41.25,45.55158726324446,4,True
충남,비수도권,2017,62.3,67.9,1173.75,64.1,656.75,1831.0,2.85,76.25,2.8,74.1,78.67500000000001,51.725,2.925,50.275,56.075,23.825000000000003,24.525,13.768500604354227,19.002454099643423,44.983717868813486,88.26414869290907,69.99661681001571,48.497682345085316,15.881730319731258,5.640722489507694,24.046092292602392,17.382812494491652,21.843705175625466,42.85,35.353196048101005,4,True
충북,비수도권,2017,62.575,69.075,880.25,63.974999999999994,495.25,1375.5,2.25,73.35000000000001,2.075,71.82499999999999,76.95,54.675,2.4250000000000003,53.35,60.725,18.474999999999994,18.675000000000004,15.068382221941402,16.771537610685915,43.87191175917784,90.91750739294112,70.1811442345192,48.862100119530254,15.950290579318752,5.368527807276909,23.45757287486826,16.28102653974553,20.45194050084639,42.825,39.634787397805454,4,True
강원,비수도권,2018,60.675,66.725,812.25,62.5,487.25,1300.0,2.9250000000000003,70.625,3.0,68.55,73.875,54.7,2.9,53.15,59.375,15.400000000000002,15.925000000000004,13.50176459596858,22.76622124245294,38.14789474092129,86.53053947344367,67.57574131437977,44.86487950873703,17.46927000163636,5.27303834488687,25.62953029488827,22.475189194406976,20.357749009534466,41.375,39.203592783647096,4,True
경기,수도권,2018,61.95,67.9,7058.25,64.4,3900.5,10958.75,3.8,76.25,3.8499999999999996,73.3,78.525,52.75,3.725,50.8,56.975,22.5,23.5,15.445855662591395,12.13209011283288,48.66723527905582,94.49694382599031,78.32489028033228,55.58785994270147,17.61346416145301,5.127224896256655,18.925578733236613,18.086389402869997,16.715690005162877,41.85,48.0906634500263,4,True
경남,비수도권,2018,61.375,66.9,1800.5,63.3,1044.0,2844.75,3.025,75.525,3.125,73.2,77.55,51.1,2.875,49.625,55.375,23.575000000000003,24.425000000000004,11.779925429570923,18.22416449844299,45.1268272614372,89.67445703695638,67.12156535904393,48.73419273169803,14.305650937029624,4.0817216903162645,26.671899517500773,20.310450592043573,20.430512059178835,42.025,41.59715236559512,4,True
경북,비수도권,2018,61.599999999999994,66.925,1488.0,64.225,828.0,2316.0,4.15,75.575,4.125,72.475,75.75,53.1,4.175,50.85,57.425,21.624999999999996,22.475,11.197606682127656,23.967391246196886,40.051186215776795,84.73783104438903,63.24773683035269,43.95778516267617,14.563116090410468,4.744172609166197,28.199509691083236,20.713768588837283,19.75796017287133,41.975,34.86413687228855,4,True
광주,비수도권,2018,59.4,64.625,778.5,61.725,482.75,1261.0,3.775,71.225,4.075,68.325,72.875,52.775,3.4,51.0,56.475,17.325000000000003,18.450000000000003,15.38691789491055,13.548663909877728,47.564602719113516,92.55930287116175,77.50025209643817,53.00033014992455,19.32553337630841,5.140651580615076,19.860623458450803,19.18504927134679,14.289367226103758,41.25,51.7285744945834,4,True
대구,비수도권,2018,58.2,64.22500000000001,1282.0,60.85,824.5,2106.25,4.35,69.975,4.8,66.625,71.375,52.3,3.8,50.325,57.15,16.299999999999997,17.675,13.023272433781237,15.956803663792844,45.03935272182037,91.80960713667075,72.51134087133948,47.7209476668228,18.55034577867685,6.219820888623002,23.29382415799543,18.786592648144424,16.825240915465695,41.7,48.67953061883509,4,True
대전,비수도권,2018,58.675000000000004,63.875,792.0,61.275,500.75,1292.5,4.275,70.875,4.35,67.775,72.3,52.025,4.075,49.925,55.4,17.85,18.85,15.815793096768264,13.70731582763072,47.544456273227865,93.17914985754399,78.05614386083542,54.89296802036705,17.035243848232586,6.160957091311074,19.43964304275221,18.882912150576477,14.693810070962916,41.25,52.55375040106165,4,True
부산,비수도권,2018,55.675,62.95,1728.5,58.125,1246.75,2975.0,4.15,68.375,4.5,65.325,72.2,48.575,3.675,46.775,53.9,18.550000000000004,19.799999999999997,14.346376471663024,18.161451406968656,43.82335367202778,91.35759477980102,78.59321856319137,53.76122098991257,18.64819616797628,6.199070660310993,18.66044370306229,20.079895886834073,16.548763653608702,41.375,48.288286100627545,4,True
서울,수도권,2018,59.625,66.025,5334.5,62.6,3186.0,8520.5,4.775,71.94999999999999,4.85,68.425,74.45,54.099999999999994,4.65,51.575,58.125,16.849999999999994,17.849999999999998,16.785575980441614,13.917170493280825,47.45306488966543,93.25773018231698,80.21827333675341,52.92998746471035,21.372773094393366,5.915468266735613,17.49845867777524,19.575616530373523,15.70125126943601,41.375,56.98024874530404,4,True
세종,비수도권,2018,61.775,65.5,152.0,63.225,88.25,240.0,2.3,75.325,1.7,74.05,77.6,51.225,3.15,49.625,53.125,24.425000000000004,24.1,14.002795916668152,10.626835659954002,57.67314091241592,94.11551510200682,82.07685940618285,66.39170795706818,13.496338025656122,2.1888134234585555,15.217036920925484,17.678016004703366,15.906901507949252,40.824999999999996,64.35380415435813,4,True
울산,비수도권,2018,59.0,63.6,601.5,61.85,371.25,973.0,4.55,74.875,4.875,71.2,75.475,48.3,4.075,46.325,50.775,24.875,26.575000000000003,13.927825074978132,12.019685221024837,48.235949450570544,94.42454299991735,82.63163950041864,58.64293671778093,18.722450337267805,5.309580001695736,14.103864655095457,18.600489759338693,17.491828893915933,41.75,41.748389712719614,4,True
인천,수도권,2018,62.925,68.625,1644.5,65.7,858.75,2502.75,4.25,76.3,4.275,73.05,77.825,55.375,4.225,53.05,59.3,20.0,20.925,15.893650187849957,13.2699852191262,46.226478981265004,93.76418678765899,80.16869410322118,52.08315107855918,23.08190433977742,4.97169726693455,17.35550117709917,17.53957652199157,17.018838964071023,42.175,41.48868253598647,4,True
전남,비수도권,2018,62.425,67.65,988.5,64.225,551.25,1539.5,2.8,73.45,2.95,71.275,75.05000000000001,55.2,2.525,53.825,59.525,17.450000000000003,18.25,9.959159385915923,28.048655131275243,37.90316546813115,80.99877131853273,61.09148023189363,37.82133532292044,17.421046495381944,5.849098413591236,29.687088721019823,21.686360411927446,12.402788590459426,40.05,34.40389016515273,4,True
전북,비수도권,2018,58.3,63.875,940.0,59.925,628.75,1568.5,2.725,70.725,3.125,68.525,72.75,49.575,2.175,48.474999999999994,54.6,20.050000000000004,21.150000000000002,11.000704401875755,23.232125287619603,41.62377088066819,85.37163097328242,66.1960478311511,42.27760985266206,16.983329955450827,6.990415593051674,26.115090597494806,22.309320673186694,15.467566778326457,40.175,40.28629543712501,4,True
제주,비수도권,2018,68.45,73.675,379.5,69.8,164.0,543.5,1.95,77.075,1.7,75.775,80.0,62.7,2.275,61.25,67.0,14.524999999999999,14.374999999999998,13.367671814983701,18.19065824462318,44.93347110084151,89.19451511967759,66.09366473196368,40.90885239382262,18.1426744011891,7.1776432727040635,27.666310558788126,23.17910607005993,17.98725079841255,39.925,47.95369059210273,4,True
충남,비수도권,2018,63.55,68.975,1216.5,65.55,638.75,1855.25,3.1,76.525,2.975,74.25,78.375,54.325,3.275,52.575,58.55,21.675,22.199999999999996,14.262350277554674,20.348936110684416,43.330749736028494,87.50308234700428,68.85285457217742,50.12321333372317,13.042189912059339,5.71053799773699,24.897801926661447,18.76842676358378,18.36817627757761,41.85,36.34606745745258,4,True
충북,비수도권,2018,63.275,69.14999999999999,898.0,64.875,486.5,1384.75,2.45,75.55,2.2,73.95,78.4,54.2,2.8,52.675,59.225,21.275000000000006,21.35,15.241860948925025,18.809474073720395,41.94362688257121,89.2878159786642,69.85890947288007,50.443960254556366,14.796996923769507,4.645854080268471,23.53919124467969,20.112110184983084,16.09439372339845,41.175,39.30836397058823,4,True
강원,비수도권,2019,62.25,68.35,841.5,64.575,461.75,1302.75,3.5999999999999996,72.35,3.525,69.85,75.225,57.1,3.775,54.949999999999996,61.224999999999994,14.9,15.249999999999998,12.80505032932259,24.55120558873539,37.27289756491069,85.51297040594449,67.62322576257684,45.542337201408834,17.141436087531375,4.969428492821285,25.57218141210673,23.22516731965477,17.063781261657994,40.075,38.67183705584831,4,True
경기,수도권,2019,61.875,67.6,7226.0,64.3,4008.5,11234.5,3.8,75.55,3.925,72.55,77.625,53.225,3.575,51.3,57.275,21.25,22.324999999999996,15.204567448178253,13.541017760067493,47.2851340457438,93.66626205554658,78.52436022283635,55.53988480227044,17.390773712673397,5.597273646740911,18.938165900672963,19.24589063057938,14.336373894351855,40.8,48.78537923980248,4,True
경남,비수도권,2019,61.275,67.025,1817.5,63.65,1036.75,2854.25,3.8,74.9,3.825,72.025,76.525,52.5,3.7,50.55,56.775,21.475,22.400000000000002,11.668841044378947,19.149334085541106,44.39398848161481,89.28366596365868,69.47665944260974,49.853991676991775,15.859762065920226,3.777183255380211,25.00412128530054,21.807111277328055,18.843751228489158,41.1,40.324401073424625,4,True
경북,비수도권,2019,61.7,67.4,1488.5,64.2,830.0,2318.0,3.925,75.5,4.3,72.225,75.8,53.025,3.325,51.25,58.3,20.974999999999998,22.475000000000005,11.362028800942262,25.163864977160173,38.7856307543451,84.44271936118679,63.10097687157956,44.01848184464096,14.307975911309041,4.757265837506717,28.083747365070014,20.295463396584168,17.93307156471807,41.275,36.59447759525056,4,True
광주,비수도권,2019,59.25,64.44999999999999,778.5,61.55,486.25,1264.75,3.7,70.975,3.55,68.475,73.125,52.625,3.95,50.55,55.849999999999994,17.924999999999997,18.35,15.243135939783208,14.76630812928008,46.37454578204743,91.93533475452674,77.68742831085851,54.974617731013524,18.40962208217116,4.337017996997233,19.41315674367263,19.56469143302568,13.71181711534971,40.725,54.03939999600959,4,True
대구,비수도권,2019,57.925,64.2,1266.25,60.175,838.0,2104.25,3.675,70.35,3.85,67.65,72.825,50.575,3.5250000000000004,48.825,55.625,18.825000000000003,19.775,14.06388431522181,17.138331663927147,43.020922813557995,91.32967310407103,72.31650282671202,50.19044225571763,17.142879019731346,5.024320568989896,23.151814693265287,20.268732312674366,13.580361886394682,40.4,50.604063055297374,4,True
대전,비수도권,2019,59.775,65.25,806.0,62.425,485.25,1291.0,4.225,72.64999999999999,4.45,69.4,74.075,52.5,3.875,50.475,56.375,18.924999999999997,20.15,16.283462334120205,15.0461937573479,45.38511361112362,92.62392262111106,79.07369099554104,56.92672339711488,16.670872807040432,5.475219412054685,18.435188294237847,19.582953231988505,13.15890046606403,40.325,50.592896289541564,4,True
부산,비수도권,2019,56.625,64.25,1740.75,58.8,1219.0,2959.75,3.775,67.65,3.75,65.1,72.0,50.625,3.75,48.7,56.675000000000004,16.4,17.025000000000002,14.677605226018683,18.616080300041638,42.59330914407331,90.68179266974937,77.1308114719366,54.69312479131513,16.240724942934396,6.196961737687062,19.97709227749591,20.365131747188645,15.676245055364898,40.825,47.74837791578183,4,True
서울,수도권,2019,59.975,66.325,5319.25,62.75,3158.5,8477.75,4.4,71.9,4.575,68.6,74.52499999999999,54.425,4.15,52.15,58.675,16.449999999999996,17.474999999999998,17.102002961904507,15.126088591119835,46.026357541242504,92.28489459757189,82.03368347490009,55.826688925476354,20.618600589793168,5.598002066662284,16.0783669932318,19.045432614680692,13.232306260924283,40.575,58.30933990373082,4,True
세종,비수도권,2019,62.525,65.875,172.5,64.25,95.75,268.0,2.7,75.475,2.35,73.7,77.1,53.075,3.125,51.45,54.325,22.25,22.400000000000002,12.539423012831318,11.174184666277519,57.77056126671486,93.74041656332554,82.1020658894406,67.49173699715848,12.672897809358389,1.7929224124034966,15.211471464809655,17.540268894795034,13.456192585238968,40.15,67.17727158835345,4,True
울산,비수도권,2019,59.075,63.724999999999994,596.25,61.65,370.5,966.75,4.175,74.25,4.475,70.925,75.525,48.6,3.7,46.825,51.0,24.099999999999998,25.65,12.954826885477294,13.293349256831197,47.402808214353946,93.57402871754795,81.79520581087067,59.30556131658707,18.67950214578623,3.8099158978545598,15.576784300592498,17.19029322944936,15.236862625919814,41.525,43.54623803079841,4,True
인천,수도권,2019,62.525,68.35,1652.75,65.375,875.75,2528.5,4.35,75.225,4.375,71.975,76.75,55.725,4.35,53.3,59.75,18.675000000000004,19.5,15.955501323175898,14.178377812743584,45.385277649282905,93.17375804385813,80.21669324430982,52.50135952543539,23.318998072537358,4.396335646337077,17.363358354447385,18.489700464769168,15.419905595812384,41.25,43.423631343260894,4,True
전남,비수도권,2019,63.4,68.825,999.25,65.075,535.75,1535.25,2.525,74.175,2.65,72.175,76.225,56.2,2.425,54.8,60.65,17.375,17.975,9.879067444426687,28.928788212720548,36.44113804136659,80.670262475062,61.836252071189776,38.84837150472836,18.24017208747908,4.772986537627423,28.789819205635766,21.45482167229391,12.499381111347546,39.825,35.331114101204335,4,True
전북,비수도권,2019,59.35,64.45,953.25,60.975,609.5,1562.75,2.675,70.85,3.05,68.7,72.725,51.525,2.25,50.35,55.775,18.35,19.325000000000003,10.888654246757678,25.42797509121882,39.612231625642146,83.89644018551775,66.12997751085742,43.21869009179615,16.115316432499892,6.876099921820378,26.361608254531596,23.98000520052583,13.524260256011743,39.45,39.5219233783133,4,True
제주,비수도권,2019,68.425,72.45,390.0,69.925,168.0,558.0,2.15,77.025,2.175,75.375,78.92500000000001,62.85,2.05,61.55,65.65,13.825,14.174999999999999,12.718728282358022,20.436027501703677,43.58754056771181,87.75063727573898,64.74175522404173,39.83958059227172,16.908911064780142,7.993263566989858,29.295355882571236,24.448252130437425,16.719409752444186,39.475,47.846489754333405,4,True
충남,비수도권,2019,63.65,69.3,1231.25,65.55,647.0,1878.25,2.875,76.1,2.625,74.1,78.45,54.725,3.225,52.95,59.125,21.150000000000002,21.375,14.457452034729805,21.07799868043591,42.060573640937314,87.27623365454328,68.15842616812135,50.21271016282438,12.159063373477299,5.806504652310727,24.83337873362299,18.87678258324836,17.61289047553214,41.55,36.7293905962217,4,True
충북,비수도권,2019,62.875,68.3,908.0,64.85,492.0,1399.5,3.05,74.675,3.3000000000000003,72.2,76.15,54.95,2.725,53.45,59.85,18.75,19.724999999999994,14.37777134709522,20.421624085602353,41.31148436262981,88.15082273885102,71.06720839994297,51.54727404041473,15.351251983004769,4.226027102123208,22.527881516058514,19.902240181748958,14.480660620824857,40.55,40.85322397772292,4,True
강원,비수도권,2020,60.775,66.975,827.25,63.275,480.0,1307.25,3.9499999999999997,70.95,3.55,68.375,74.1,55.875,4.375,53.45,59.575,14.925000000000002,15.075000000000003,12.183281038868815,26.244672332469612,36.40971881531062,84.63015656444867,68.48658928241858,47.17787272775274,16.591575815992748,4.747853269385623,24.955920141813255,24.50901164373759,13.986233596948097,38.4,39.970928575221556,4,True
경기,수도권,2020,60.3,65.925,7193.0,62.775,4262.75,11455.75,3.9749999999999996,74.3,3.9749999999999996,71.325,76.275,51.35,3.925,49.35,55.175,21.975,22.949999999999996,14.521830682947508,15.010926392854747,46.80079198560319,92.93232527676912,79.24309146445327,57.76581993117563,15.886324207289256,5.590948374667578,18.419214758016842,21.354125956260976,11.992297817898322,39.275000000000006,49.888064686890296,4,True
경남,비수도권,2020,60.6,65.525,1802.0,63.125,1052.25,2854.0,4.0,73.8,4.125,70.775,74.775,52.45,3.8499999999999996,50.425,55.525,20.35,21.35,10.927626115492545,21.826822461426595,42.65712105463038,87.16414894222572,70.164927320773,51.4164981514422,15.553298412795895,3.223957701792805,24.964149479010715,23.80707360303389,16.60920596440327,39.45,38.52293898399481,4,True
경북,비수도권,2020,61.125,66.4,1478.25,63.725,842.25,2320.5,4.05,74.95,4.175,71.825,75.525,52.5,3.85,50.5,56.4,21.325000000000003,22.449999999999996,10.947754571589833,27.558344702681083,37.05991087160856,82.9264539795933,63.007414323224936,45.0308802832377,14.097967285195216,3.8785667547920273,28.2567214484795,22.06144464492331,13.292783314994951,39.1,39.21738340734772,4,True
광주,비수도권,2020,58.65,63.85,777.5,61.0,496.75,1274.5,3.875,69.69999999999999,4.0,66.925,71.69999999999999,52.8,3.7,50.8,56.05,16.124999999999996,16.899999999999995,15.117090793843735,16.18728268046233,44.816243135605355,91.20423960329255,76.38844419039307,54.91740601995176,17.39116452420328,4.079784041787913,20.10008841058764,21.941774253323146,12.307360704918588,39.05,52.87666383467182,4,True
대구,비수도권,2020,56.65,62.975,1232.0,58.925,859.0,2091.0,3.875,69.825,3.825,67.175,72.8,48.725,3.925,46.75,53.3,20.425,21.099999999999998,13.187650779648715,18.566570172640823,42.22159173681499,90.46223748721744,73.17731658534368,52.12698477248679,16.285113947881168,4.785947549884497,22.95708075992379,23.62185683467296,9.814929487990819,37.625,51.963246828331236,4,True
대전,비수도권,2020,60.65,66.175,815.75,63.425,470.5,1286.5,4.375,73.075,4.35,69.875,74.475,54.05,4.35,51.675,57.775,18.2,19.025000000000002,17.334279990904786,16.40166814004083,43.00087629169589,91.640680183681,79.84183212597773,57.45208974729692,17.521686675542114,4.9321231179836325,17.56157370539188,22.881967281982508,11.500238828071051,38.275,50.20726676307913,4,True
부산,비수도권,2020,55.625,62.925,1711.5,58.075,1236.5,2948.25,4.175,67.225,4.35,64.25,70.75,49.625,4.0,47.65,55.325,16.599999999999998,17.599999999999998,13.750705207106222,20.585249201849965,41.14384635290696,89.02063039251345,75.50645872700301,53.28050909768241,16.585642186662522,5.640381172849081,21.137731901883967,23.53283346483043,12.301650696207796,38.475,47.28681496355104,4,True
서울,수도권,2020,59.3,65.95,5292.5,62.15,3223.25,8516.0,4.55,70.775,4.25,67.75,73.9,54.325,4.9,51.65,58.45,16.1,16.45,16.76739243230393,15.945888620407228,45.57035766379583,91.84891243023849,82.24855663909706,58.49777457312443,18.336218397369187,5.414528251368545,15.955189397410194,21.45964986343076,10.9109198826177,38.8,59.725133883166095,4,True
세종,비수도권,2020,62.650000000000006,66.3,184.75,64.45,102.0,286.75,2.725,75.775,2.55,73.85,77.15,53.175,3.0,51.575,55.225,22.275,22.6,12.643372672442439,11.245185256813164,58.158543478310925,93.62008539334121,81.92711367129971,69.55401126912756,10.850472245821082,1.6679789935603888,15.434557672929767,18.770729584683075,11.945743341092179,39.25,70.08080691220226,4,True
울산,비수도권,2020,58.125,62.9,585.25,60.65,379.25,964.5,4.25,74.025,4.05,70.975,76.075,46.775,4.525,44.675,48.6,26.300000000000004,27.25,12.09097268701882,15.172802268633518,46.22949210116656,92.81540426297015,82.37491890227092,60.867428345214876,18.339549405775216,3.1235361779238113,15.661988810276155,20.8522300761911,12.982505182817754,39.25,45.74053083272773,4,True
인천,수도권,2020,61.325,66.9,1634.25,64.225,909.75,2543.75,4.575,74.07499999999999,4.425,70.8,75.55000000000001,54.625,4.725,52.025,58.075,18.775000000000002,19.449999999999996,15.224865651471937,15.991500791440224,44.761496053838876,91.98889046612094,81.20132593338873,54.93603016353271,21.60351976900456,4.693940713978215,16.9231706315517,20.571324423880064,12.023030731545369,39.35,42.40567439114255,4,True
전남,비수도권,2020,63.849999999999994,69.125,997.75,65.4,528.0,1525.5,2.35,74.4,2.3,72.675,76.625,56.5,2.425,55.125,60.8,17.55,17.9,9.604739538264445,30.36525030510654,35.89439486419944,79.59658467585406,61.90642840289578,39.903184154688155,17.815801994716335,4.110754443042039,28.62356219882475,22.3700909987192,11.164564675513052,38.425,35.89542171683275,4,True
전북,비수도권,2020,59.925,64.625,955.75,61.45,599.5,1555.25,2.4749999999999996,70.925,2.575,69.1,72.675,52.3,2.375,51.075,56.175,18.025,18.625,10.080492052245688,27.687304364047332,38.11923152798534,82.20378312602898,64.76810165352605,44.19987370846181,15.148584166527952,5.419643778536292,27.2545678184717,25.670398698511615,12.203214145027655,38.3,39.096851613199995,4,True
제주,비수도권,2020,67.125,70.725,387.75,68.85,175.75,563.25,2.475,74.15,2.5,72.275,75.45,63.575,2.45,62.025,65.65,10.25,10.575000000000001,11.972536186216015,22.023686416477997,42.65966719089572,86.44045932002172,63.54718237756293,42.321194000431504,14.022178289075674,7.2034619956023915,29.311256973492736,25.943636833598354,16.326045056919796,38.35,47.54976386233824,4,True
충남,비수도권,2020,62.4,67.8,1218.5,64.675,666.5,1885.0,3.475,74.85,3.2,72.45,76.375,54.1,3.825,52.0,58.15,20.45,20.75,13.352803724963398,22.613209535712787,41.91328309838767,86.24299728439686,67.53645917352148,49.4880970034835,13.161899883872966,4.886462286165006,25.21204578206488,21.423789393843087,16.335096442797187,40.550000000000004,37.09730301985855,4,True
충북,비수도권,2020,63.199999999999996,69.0,919.0,65.275,489.5,1408.75,3.175,74.425,3.3,72.0,76.375,55.95,3.05,54.25,60.975,17.75,18.474999999999998,13.96380990101457,21.534350038763762,40.17848885905414,87.7344829843292,71.60532085988139,51.58594362394512,16.399044304387914,3.6480491178011247,22.273413192845176,21.48681618791256,13.43123949980179,39.175,40.20614352214098,4,True
강원,비수도권,2021,61.425,67.2,839.75,63.725,477.75,1317.25,3.675,70.175,3.25,67.9,73.375,57.45,4.1,55.15,60.8,12.749999999999996,12.725,11.496352587244978,28.444905487726917,35.74768060618621,82.97610077824473,70.12057126544967,46.388718741580966,17.98096944052501,5.721156567291383,24.188963365923534,28.02534489128931,12.8691780227907,38.025,38.7392906689942,4,True
경기,수도권,2021,61.125,66.9,7421.5,63.45,4273.0,11694.5,3.675,74.5,3.45,71.925,77.05000000000001,52.475,3.975,50.375,56.375,21.549999999999997,22.025,14.833199250874035,15.816960295432896,45.73295844930382,92.26419985633545,80.56501924914966,58.7197839577356,17.16796496869747,4.684122680741914,17.21776963948737,23.389398944082913,10.420915362432114,39.15,50.601431614831164,4,True
경남,비수도권,2021,60.65,65.425,1805.5,63.25,1049.5,2854.5,4.075,73.25,4.125,70.25,73.65,53.2,4.0,51.075,56.5,19.174999999999997,20.049999999999997,11.056837574964558,23.919796968728146,40.2780062157036,85.83467906904525,70.19184819993876,50.68642164431875,16.25692518765716,3.262713988770116,24.647352069456737,26.709115302406346,14.691903094551304,39.25,39.3114875072465,4,True
경북,비수도권,2021,60.974999999999994,65.7,1457.25,63.025,854.5,2311.75,3.225,74.35,3.45,71.75,75.525,51.725,2.875,50.275,54.875,21.475,22.625,10.726159292664219,30.038474581299816,34.99101258259199,81.05626853693533,62.88705179379768,44.84079481883229,13.850117141160183,4.196139833805203,28.54968266993935,23.778998081063932,11.986763249231782,39.1,39.726953109480064,4,True
광주,비수도권,2021,58.175,63.4,772.25,60.325,508.0,1280.25,3.6,69.35,3.425,66.95,72.175,51.725,3.725,49.825,54.625,17.125,17.625,14.136179283852414,16.91297460970525,44.4129133014287,90.57331825165683,76.16304155984136,54.58776964551469,16.844310577995415,4.764789387333211,20.010127351179168,23.12396602494022,12.921339528435672,39.725,51.49668641821739,4,True
대구,비수도권,2021,58.25,65.525,1264.75,60.5,825.25,2090.0,3.7249999999999996,70.875,3.7,68.225,74.325,50.8,3.8000000000000003,48.875,56.824999999999996,19.349999999999998,20.075,14.144601870562617,18.76991584361344,41.266406730268855,90.49289167390998,76.49553015448232,54.67654009197986,16.89271335465696,4.946684871110809,20.606069690869717,24.667237327338913,9.463971981230749,38.175,54.19615392830413,4,True
대전,비수도권,2021,60.9,66.65,811.5,63.0,476.75,1288.5,3.3,72.475,3.125,70.225,74.8,53.75,3.55,51.85,58.4,18.375,18.724999999999998,16.94974685862253,17.28972853934306,42.60466197301755,90.9584334443179,79.39628532165219,57.42298664173602,17.824955520685116,4.116975530623766,18.022689417365683,25.211737621527647,12.22915125048451,38.475,53.91007379916394,4,True
부산,비수도권,2021,56.2,63.85,1715.0,58.15,1234.0,2949.25,3.35,67.5,3.45,65.2,71.82499999999999,49.525,3.3,47.925,56.125,17.275,17.974999999999994,13.484984445885868,21.911529888217107,40.25168467235239,88.10319413615909,74.28244563387656,51.12089161153246,18.16797446453747,4.963265125491237,22.324252039100344,26.1587371625061,11.957502709068182,38.525,48.19663690857056,4,True
서울,수도권,2021,59.25,66.575,5312.25,62.275,3221.0,8533.25,4.825,70.825,4.725,67.45,74.075,54.475,4.95,51.8,59.55,15.650000000000002,16.35,17.872011296368427,15.802764069764539,44.82153655049116,91.86709121700503,82.0917674131755,59.26848311795881,18.133293794008065,4.69981083169018,16.20230644772421,24.539007409064524,10.302237430958236,38.625,60.22162076497774,4,True
세종,비수도권,2021,62.65,66.175,189.25,63.975,106.75,296.0,2.075,75.3,1.825,73.95,76.825,52.675,2.5,51.35,55.25,22.6,22.624999999999996,12.001739581526817,12.241610911823678,56.76306625774711,93.27968926373183,82.21940405451043,71.03561388135856,9.843734311819418,1.614079885356481,15.223095435861392,23.936942261410348,10.916379905741607,38.825,72.52187597932279,4,True
울산,비수도권,2021,57.675,62.875,575.5,59.825,386.25,961.5,3.5500000000000003,71.525,3.375,69.075,74.675,47.6,3.925,45.75,50.0,23.325,23.924999999999997,11.445593187956902,15.90531444760861,45.74516586595398,92.20379652408944,81.74861414936686,62.19481941356007,16.938012671442475,2.6157820643643075,16.178291005777613,24.393285646403967,11.451119072618509,39.225,48.16939069560181,4,True
인천,수도권,2021,61.325,67.4,1628.75,63.9,919.75,2548.5,4.025,74.225,4.2,71.125,76.275,53.85,3.85,51.75,58.4,19.375,20.375,14.829211494777066,17.15726018434377,43.65174137484604,91.67208922784147,81.71262198855837,56.54978303349752,19.678008846393027,5.468957092794808,16.863733704564602,22.31185325006648,10.622838317147437,39.125,41.52203162082638,4,True
전남,비수도권,2021,64.65,69.45,1008.25,66.175,515.75,1523.75,2.375,74.85,2.35,73.1,76.225,57.474999999999994,2.375,56.125,61.775,16.974999999999998,17.375000000000004,9.109425862047669,32.219649701299836,34.499692477150134,78.234732197473,60.51468364385238,39.18436153409333,17.601133777930905,3.702789176601109,30.068165924145546,24.69698595281408,10.951441715999739,38.575,36.156411981947386,4,True
전북,비수도권,2021,61.25,66.075,974.0,62.625,581.75,1555.75,2.2,71.6,2.1,70.125,73.0,53.925,2.35,52.6,58.75,17.525,17.674999999999997,11.153980151653514,29.19036549182351,36.3684383496694,81.38518460246476,65.19865107177533,45.31409244884136,15.500096044735121,4.384462578198861,27.277087051232815,27.961755314110118,12.009144758261579,38.375,40.495236463887466,4,True
제주,비수도권,2021,67.45,71.6,395.5,69.625,172.75,567.75,3.125,75.475,2.775,73.35,76.875,63.8,3.55,61.525,66.075,11.824999999999998,11.675000000000004,12.009608021458252,22.710305140318795,41.71636907709339,86.36317379593739,65.01204606605694,45.04089663243259,13.051436733912007,6.9197126997123375,28.134974527857555,29.361097015456245,14.034842413058326,37.7,49.60806632567426,4,True
충남,비수도권,2021,63.025000000000006,68.2,1220.75,64.5,672.0,1892.25,2.3000000000000003,74.65,2.375,72.875,76.625,53.95,2.2,52.8,58.625,20.075000000000003,20.7,12.983143696106549,23.958399146977015,40.89154981185044,85.04834896933471,68.80591060634876,51.71306604878572,13.370536318955988,3.7223082386070514,24.070639792961668,23.788682823115934,14.215528811568717,39.775,38.65739991764681,4,True
충북,비수도권,2021,63.349999999999994,69.85,920.5,64.95,496.5,1416.25,2.475,73.975,2.55,72.1,77.075,55.8,2.425,54.45,61.975,17.65,18.175000000000004,14.411429413284788,22.857197076194744,38.99203900761481,87.60425141352218,72.62923136101362,52.82004759630558,15.886291343717637,3.9246437322449133,21.69235702673765,24.62304044689689,12.80259415851294,39.2,39.73628209347518,4,True
강원,비수도권,2022,61.849999999999994,67.725,844.25,63.875,477.75,1322.75,3.2,69.4,2.825,67.5,73.275,58.475,3.675,56.4,62.025,11.1,10.924999999999999,11.076916720862686,29.73217950251805,34.96087961842815,81.78621284471541,70.80084708051916,48.70071871721369,17.404649303226797,4.695479060078679,24.078928304141563,31.97604667841661,11.371744404152857,37.1,40.706718952733695,4,True
경기,수도권,2022,63.9,69.975,7808.75,65.7,4074.5,11883.25,2.725,76.45,2.45,74.6,79.45,55.05,3.1,53.325,60.175,21.275,21.4,15.137818140355503,17.061335831114906,44.18296713432673,91.3890709020016,81.28387890329071,60.72101970842013,16.610911960656914,3.951813253824473,16.906070999927394,27.25747808344093,9.126191604793512,38.425,51.04781973790758,4,True
경남,비수도권,2022,61.05,66.45,1800.0,63.125,1051.0,2850.75,3.3,72.85,3.075,70.625,75.15,53.375,3.575,51.45,56.975,19.174999999999997,19.474999999999998,10.760760952093333,25.275636823799047,38.46175458592883,85.36751858684949,69.73491737609241,51.650445061779536,15.125466536612745,2.9590057777001286,24.794628792283742,29.915401343894573,12.288717264063493,38.475,42.0479337876281,4,True
경북,비수도권,2022,62.875,68.2,1499.0,64.45,826.0,2325.25,2.5,74.75,2.375,72.95,76.875,54.15,2.65,52.7,58.5,20.25,20.6,11.068369183056245,30.560460974263055,34.49132731020297,80.5734135090077,63.693900830283624,45.13453470147644,14.303697794035811,4.272424366942958,28.345608215836616,27.922728626526705,11.421591577318779,38.35,39.1236157531432,4,True
광주,비수도권,2022,58.625,64.3,772.75,60.375,507.0,1279.25,2.875,69.475,2.7,67.65,73.15,51.75,3.2,50.075,55.45,17.575000000000003,17.725,14.169497721766993,17.862119663992697,42.90150627724825,90.26841744884773,77.2959089995885,56.76586674849372,16.798002706967207,3.7323922821684397,19.103824096889145,26.8904508751893,11.64015472869967,39.075,50.30122391052241,4,True
대구,비수도권,2022,59.125,66.9,1265.0,60.949999999999996,812.0,2076.75,2.925,70.775,2.55,68.94999999999999,75.19999999999999,51.675,3.4,49.925,58.675,19.025,19.1,13.110229800788854,20.02344190689002,40.71050271299768,89.78572597473746,78.17672203696957,56.6472745000341,16.62585566989915,4.883015735349084,19.72609437636799,27.42738282981417,10.115903685540523,38.275,53.070041945006906,4,True
대전,비수도권,2022,61.599999999999994,67.925,812.75,63.1,475.25,1288.25,2.35,73.075,2.025,71.625,76.85,53.4,2.85,51.875,58.875,19.75,19.675,17.39200392533274,18.110580488404878,41.6218525689368,90.61557349311175,80.04967242707681,60.64313503175686,15.21917359520855,4.2192922803157495,17.617162459949633,29.020241850659524,11.600137459312652,38.15,57.9401096907953,4,True
부산,비수도권,2022,57.125,65.4,1729.75,58.849999999999994,1209.25,2939.25,2.95,68.375,2.975,66.325,73.8,50.125,2.925,48.625,57.175,17.699999999999996,18.250000000000004,13.162840418777193,23.103792737643,39.8742683984477,87.43679773716124,75.87095428228616,51.132700174979995,20.15162466823478,4.616242105049643,21.147800603031246,30.563993528837464,11.206379424649839,38.175,48.553970740989826,4,True
서울,수도권,2022,60.425,68.4,5294.5,62.525,3170.75,8465.5,3.425,71.125,3.425,68.65,75.675,54.8,3.425,52.95,61.65,15.700000000000003,16.325000000000003,17.533523252557828,16.312124263861815,44.48168695692849,91.56799228077921,82.03717378865726,60.38505728642462,17.546711316056445,4.1152220435329205,16.324822839618097,28.683804817080592,10.248559365002953,38.275,61.034742903054884,4,True
세종,비수도권,2022,63.75,67.425,201.25,65.025,108.5,309.75,2.025,77.175,2.0250000000000004,75.625,78.575,53.075,1.975,51.975,56.05,23.65,24.1,11.146712822265414,13.41662547295138,55.66563645877561,92.78919252922552,81.88317422699691,71.10774853344437,9.251800264403549,1.6560652374704028,15.71322328274493,29.343326669681275,9.781632284360876,37.25,70.87140127555448,4,True
울산,비수도권,2022,59.15,64.75,584.5,61.125,372.0,956.25,3.2,72.85,3.025,70.625,76.825,48.825,3.5250000000000004,47.125,51.45,23.5,24.025,11.97711645413108,17.793660858019155,43.44699103108322,91.25887026846084,84.70471194459654,64.69447715375051,17.667540862503994,2.4303369531555243,13.83537880854307,28.384381107931468,9.020409396261226,38.15,48.39233531697719,4,True
인천,수도권,2022,62.65,69.4,1669.75,64.825,905.5,2575.0,3.35,74.925,3.3,72.475,77.975,54.975,3.4250000000000003,53.075,60.625,19.400000000000002,19.950000000000003,15.180797201207328,18.04922040458867,42.46811443281848,91.3212039909046,81.44957447279738,57.62609891330146,19.383338020500144,4.4553907421684436,16.97190045489498,26.628457181973033,10.598828576723166,38.8,41.91826354396986,4,True
전남,비수도권,2022,66.275,71.225,1033.5,67.8,491.25,1525.0,2.225,75.85,2.125,74.25,77.65,59.725,2.375,58.3,64.05,15.950000000000001,16.124999999999996,9.303759706354505,33.560161035751214,32.76542460241718,77.37348113081298,60.073271098559914,39.59448280336738,16.892523024009623,3.6361635334790368,31.174687566048597,29.256257588914373,11.177928963293436,38.025,36.27423604841099,4,True
전북,비수도권,2022,62.2,66.80000000000001,992.25,63.75,564.75,1556.25,2.425,71.625,2.475,69.875,72.425,56.075,2.375,54.75,60.85,15.125,15.549999999999999,11.286499520360032,30.013318012473768,35.44986630450252,80.10888829966679,65.24253945645273,45.21367122019931,16.439959383791976,3.5895684510455843,26.92440521235818,32.1031591792418,10.168789332660497,37.15,42.255576005351394,4,True
제주,비수도권,2022,69.95,74.45,410.5,71.45,164.0,574.5,2.125,77.325,2.35,75.525,79.4,65.65,1.925,64.4,69.275,11.125000000000005,11.675,12.565772598943695,23.26947545948495,41.26540787864884,85.87680854707051,66.072018269867,45.4790806992997,14.678258852741596,5.914678717825702,26.76952127171402,32.5374900168332,12.100182026202242,37.050000000000004,51.08718372095836,4,True
충남,비수도권,2022,64.25,69.525,1254.75,65.75,652.75,1907.5,2.35,75.675,2.275,73.925,77.75,55.5,2.375,54.2,60.25,19.725,20.174999999999997,13.147186445854103,25.28911802817035,39.48807648452341,84.22199257007533,68.95158324109849,51.94556791111818,12.9309615053932,4.095198868906202,25.005566859500473,28.729703019158258,12.508919493614112,38.55,38.1815851027247,4,True
충북,비수도권,2022,64.9,71.1,949.0,66.52499999999999,477.5,1426.75,2.45,76.075,2.55,74.15,78.1,56.825,2.325,55.5,63.449999999999996,18.65,19.25,14.555806147649339,24.953877111647373,37.1870028579892,85.98113597784072,70.7963631933479,52.20285600977732,14.63268246182681,3.9874771737693533,23.513133058997834,28.524979120416646,12.305816787898433,38.3,40.1242670575693,4,True
강원,비수도권,2023,63.325,69.55,864.5,65.125,463.0,1327.5,2.8,70.2,2.425,68.525,74.45,60.25,3.175,58.375,64.5,10.149999999999999,9.95,11.341771692175076,30.628986977305466,34.271221334980126,80.72806796643833,71.56838861212752,48.34514692178276,18.73016358216191,4.521780748825789,23.635656702535346,28.839024127395078,11.19625167333108,37.1,40.43345664294911,4,True
경기,수도권,2023,63.974999999999994,70.4,7859.5,65.7,4101.75,11961.0,2.6,75.725,2.8249999999999997,73.575,78.575,55.775,2.325,54.45,61.875,19.125,19.950000000000003,14.689121237606837,17.974552057320437,43.43558406371405,90.87921170466538,80.43751570991208,61.21863940056835,15.406167323117003,3.816044176012307,17.83218817795341,21.916240733002397,9.710203625191737,39.1,52.553063230020484,4,True
경남,비수도권,2023,62.0,68.175,1805.0,63.574999999999996,1034.75,2839.75,2.5,71.55,2.5250000000000004,69.75,74.9,55.5,2.425,54.175,60.825,15.574999999999996,16.05,10.042024614451392,25.52728920061231,38.42242798326961,85.05025144644775,70.9178258965138,53.111495435146935,15.655622877850169,2.1507075835167004,23.588921231504074,27.29270291192212,12.24737529077272,38.825,44.913028401149894,4,True
경북,비수도권,2023,63.475,68.35,1500.75,65.2,802.5,2303.25,2.6,74.55,2.625,72.57499999999999,75.75,55.675,2.575,54.275,60.15,18.299999999999997,18.875,9.89115638954334,32.504324163168974,33.417002395296414,79.05637927223401,62.83968823917249,44.52243987683765,14.780191405457204,3.554121803294015,29.13359484862286,25.555354230859397,11.166831349291812,38.6,38.34408464788934,4,True
광주,비수도권,2023,60.075,65.625,788.75,61.65,491.0,1279.5,2.575,69.95,2.5749999999999997,68.175,73.525,53.725,2.5,52.35,57.725,15.825,16.225,13.531733045625842,19.08485228328864,42.08357286637842,89.04545381498528,77.81870678209054,57.30586196711963,16.676061110084397,3.86972178130286,19.188060893865497,23.07489148270407,11.677209164272554,39.275000000000006,51.38144216059172,4,True
대구,비수도권,2023,59.775,67.8,1286.0,61.65,799.5,2085.5,3.075,71.3,3.025,69.15,75.95,52.625,3.125,51.0,59.675,18.15,18.675,12.97489934009341,21.495128385360843,40.014205765174204,88.91528194366335,77.95611736144139,56.14301556259956,17.099316129518073,4.733564150336414,19.817279974396257,23.19424775067774,10.889255174087378,38.85,53.62498113357982,4,True
대전,비수도권,2023,61.6,67.825,820.0,63.375,473.75,1293.5,2.8,72.4,2.9,70.30000000000001,75.725,54.6,2.65,53.2,59.775,17.1,17.799999999999997,15.617185213748638,19.409503581301465,42.39608551592447,89.52726737425984,80.71474630522671,62.433738206153436,14.079050925428115,4.233207173645154,17.215604020597574,24.958447900238824,10.129025484614544,38.35,60.45621948828152,4,True
부산,비수도권,2023,57.7,66.525,1746.0,59.575,1184.5,2930.5,3.125,69.27499999999999,2.75,67.425,75.975,50.65,3.65,48.8,57.25,18.625,18.624999999999993,13.271715586929012,23.764272172046432,39.77395340880389,86.7733515376976,77.25323499118517,52.246732239496815,21.76900198367653,3.2228380114135815,20.352451900357593,24.97292890954894,11.855176164841756,38.85,49.23118248309407,4,True
서울,수도권,2023,61.075,69.475,5319.5,62.8,3149.75,8469.0,2.75,70.775,2.55,69.0,76.45,55.6,2.975,53.95,62.95,15.049999999999999,15.174999999999999,17.221516230386403,17.335369206403985,44.210530921528026,91.02842737653614,82.82945279397474,63.13789563776346,16.31126200843445,3.394813632752894,15.74002222388702,22.248272957227293,10.818124567400593,39.4,62.761576384958076,4,True
세종,비수도권,2023,64.6,67.85,212.5,65.95,109.75,322.0,2.05,76.5,1.425,75.4,78.425,55.575,2.875,53.975,57.225,21.424999999999997,20.924999999999997,10.564490712002744,14.631849070801909,54.50887620290126,91.72859133798838,82.35879599779744,71.55980845161193,9.119289280492715,1.441000790531013,15.843490980245795,24.088074087086195,9.12055127495164,38.175,70.59676149542489,4,True
울산,비수도권,2023,59.775,65.525,592.0,61.875,364.75,956.5,3.45,72.95,3.325,70.55,76.675,50.225,3.6,48.35,53.225,22.199999999999996,22.724999999999998,11.550393973093476,18.891432544674434,42.655114634187406,90.29176293278366,83.73177513726874,64.5743236440935,16.9276231144682,2.2298283787070496,14.562893342297873,21.560445530505106,10.842428521358688,39.65,47.16265423286477,4,True
인천,수도권,2023,63.075,69.425,1708.75,65.15,914.0,2623.0,3.175,74.625,3.0999999999999996,72.30000000000001,77.475,55.925,3.3,54.05,61.15,18.250000000000004,18.700000000000003,14.247480751768979,19.598063011172364,42.616384237602,89.78267384416137,80.72708647845539,57.811715088343846,19.003547773793542,3.9268838572818607,17.566645141806113,21.80584637770102,10.813632674099754,39.225,43.635571100266766,4,True
전남,비수도권,2023,66.9,71.85,1041.5,68.375,481.75,1522.75,2.225,75.275,1.825,73.925,77.85,61.475,2.6500000000000004,59.824999999999996,65.05,14.100000000000003,13.799999999999999,8.935072287460407,34.81427719482732,31.759339573818988,76.54552661712665,61.81556425741828,40.39876403295294,17.372132466298833,4.019742533839483,30.28570316078253,28.798253190005994,11.87355439218497,37.875,37.034883597522374,4,True
전북,비수도권,2023,63.275,67.775,1008.0,64.89999999999999,545.5,1553.0,2.5,71.375,2.5,69.575,72.175,58.575,2.5,57.125,63.099999999999994,12.450000000000001,12.799999999999999,10.86248605198745,30.98286144001919,34.44746484471657,78.95688674422263,65.89660793946108,46.36644998286387,15.36008137322253,4.220381652749112,26.558674819054055,28.973909567930875,10.29990345950851,37.3,41.688527151751074,4,True
제주,비수도권,2023,69.225,74.55,408.75,70.55,170.5,579.25,1.9,76.9,1.7999999999999998,75.5,79.85,64.35,1.975,63.075,69.025,12.425,12.55,12.038345846359679,22.939167966132572,40.71289147365121,86.09948761849644,67.76216455217332,47.819463667505204,14.955644263291607,4.988487991929716,26.49759577141195,27.79685142514215,12.459560616620758,38.0,53.803146021532726,4,True
충남,비수도권,2023,64.775,69.75,1281.5,66.475,645.25,1926.25,2.6,75.75,2.4,73.95,77.75,56.825,2.95,55.2,60.650000000000006,18.75,18.925000000000004,12.63376038815678,26.83611016425435,39.03193105412133,83.09570999297058,71.7944420781487,53.50857963920848,14.435841671130602,3.8894870417448075,23.513931209747692,25.883727320093957,12.167500014850166,38.65,39.31183611823454,4,True
충북,비수도권,2023,65.425,71.4,960.75,66.95,474.0,1434.75,2.3,77.475,2.125,75.825,80.075,56.25,2.575,54.775,61.85,21.049999999999997,21.225,13.56172896939282,26.265711572166055,37.00353690568438,84.62406399475404,71.40205759799308,53.913244501066195,13.337002338944988,4.1780988757526645,23.146709376338933,24.504980427814946,10.72135177444802,38.725,41.942136086119625,4,True
강원,비수도권,2024,63.550000000000004,70.35,867.75,65.325,460.5,1328.0,2.8,70.925,2.675,69.025,75.95,59.925,2.9,58.225,64.55,10.8,10.999999999999996,11.98377554218249,30.972614780854563,33.39657163124953,80.01226600067575,72.2917721850226,50.44421375659109,17.712813178344653,4.135997962038944,23.10558965792948,34.488102847992025,10.201607620407302,36.325,43.12316987815805,4,True
경기,수도권,2024,64.025,70.75,7938.0,65.75,4133.0,12071.0,2.6,74.92500000000001,2.675,72.9,78.25,56.625,2.475,55.25,62.9,17.65,18.300000000000004,14.070931990977865,18.77545358787232,43.518256628386595,90.08922730980473,80.11025334968156,60.637815162742804,16.173768122903894,3.295362310660949,18.047182127055486,30.255664566953186,8.96271291659105,37.875,53.07580960481104,4,True
경남,비수도권,2024,62.1,68.025,1798.75,63.575,1031.5,2830.25,2.2750000000000004,71.44999999999999,2.0,70.025,75.4,55.599999999999994,2.6,54.125,60.05,15.900000000000002,15.849999999999998,9.014134358114855,26.82922073920339,38.22094306421465,83.38031300623862,71.25172352412856,53.28170927077461,16.151331606960564,1.8043230829241148,23.31906620046813,31.780853510832127,11.64200097354111,38.0,45.21330870067047,4,True
경북,비수도권,2024,64.025,68.9,1500.0,65.7,784.25,2283.75,2.55,74.075,2.5,72.225,75.625,57.2,2.6500000000000004,55.675,61.375,16.549999999999997,16.875,9.971303843315948,33.28923607878815,33.1333120123754,77.82769003199765,63.439332896977334,44.25882995880156,16.22489283825846,2.9893484298016864,29.21553973053065,29.88251544244885,10.207307265495206,37.625,39.53851318084119,4,True
광주,비수도권,2024,60.55,65.975,798.75,62.425,480.0,1278.75,3.05,70.975,3.125,68.75,73.925,54.35,2.9,52.775,58.025,15.975,16.624999999999996,12.617550070625338,20.56097048229737,40.839215149389595,87.63967924143097,78.24678699782756,57.524839285168646,16.913721385779127,3.808226326879786,19.431456270809782,29.705126700833333,9.198950775725601,37.85,53.34243178750505,4,True
대구,비수도권,2024,57.975,65.65,1258.5,60.025,837.75,2096.0,3.425,69.325,3.35,67.025,73.39999999999999,51.325,3.5,49.5,57.925,17.525000000000006,18.000000000000004,11.269035269409137,23.158011036593404,39.53423126106156,87.26876060393812,76.79843179626128,57.15662200918409,15.34277543890109,4.319477547833764,20.753282329964037,28.12349091652042,8.535546576007615,37.975,54.89516455373439,4,True
대전,비수도권,2024,60.65,67.225,813.5,62.525,488.0,1301.5,3.025,71.075,2.975,68.95,74.75,54.125,3.075,52.474999999999994,59.475,16.475000000000005,16.949999999999996,15.077485776827501,19.702512096505007,42.00259308233355,89.1348006169912,79.78914045647787,59.7698008754706,16.376251659317365,3.642966676256814,17.83589521259908,32.04377164912608,9.471297279063847,37.175,58.79082089558715,4,True
부산,비수도권,2024,57.8,66.875,1739.5,59.575,1180.5,2920.0,2.975,68.19999999999999,2.65,66.4,75.125,51.625,3.375,49.875,58.8,16.525,16.574999999999996,13.418163366558058,24.079043318392635,39.399038437252166,85.62233250370393,79.4722480195894,55.65805142255731,21.104032235344373,2.7399441614411817,18.365676446061848,30.591850097180412,9.27205146119546,37.375,53.46394606741637,4,True
서울,수도권,2024,61.725,70.425,5392.75,63.65,3078.0,8470.25,3.05,71.25,3.15,69.0,76.825,56.825,2.925,55.175,64.475,13.824999999999996,14.425,16.48711530308718,18.27925217326828,44.18523894564606,90.26994030741496,83.55605879213068,63.3356867028311,17.178956399136926,3.036621826308395,15.172084395980331,31.40448546883875,9.075648321007835,37.625,63.74211070579899,4,True
세종,비수도권,2024,65.175,68.975,214.25,66.425,108.25,322.75,1.875,75.925,1.05,75.2,78.35,57.1,2.9,55.475,59.475,19.725,18.825000000000003,11.295570032211073,14.255800047550132,53.400249253697524,91.68478819144225,83.23790562436508,71.58855675951108,10.34064212071088,1.1907822158412469,15.216420806847236,31.18079235436728,7.2533216743458215,36.525,70.98796131693692,4,True
울산,비수도권,2024,59.825,65.95,594.25,62.15,362.0,956.5,3.7,73.05,3.5,70.475,76.975,50.575,4.0,48.5,53.625,21.974999999999998,22.475,11.04898632513534,19.921438295053743,41.89822118105555,89.21026731238105,82.7856998457951,62.83344444981744,17.767980982887615,2.227752673959609,15.336627276656614,26.840298448876567,11.309856673914238,39.05,46.967076834996575,4,True
인천,수도권,2024,63.5,69.95,1753.25,65.65,917.75,2670.75,3.25,74.3,3.15,71.975,77.35,57.150000000000006,3.4,55.2,62.375,16.775,17.15,13.130223527974469,20.894492287759157,42.581651044915176,88.71377134004649,81.18896475491567,59.251986494720796,18.236917006611296,3.6855094491598366,17.174953604344203,29.696107726968442,9.369282297368375,37.925,47.423173665222926,4,True
전남,비수도권,2024,66.05,70.80000000000001,1032.5,67.9,487.75,1520.25,2.725,74.65,2.475,72.80000000000001,76.7,61.125,3.05,59.225,64.075,13.575000000000003,13.524999999999999,9.2371027459876,35.368176372189076,31.122495707306197,75.36101575872324,62.41389486854359,40.43668361662843,18.41461769472078,3.53736651380388,29.524179514127695,34.282387789989876,10.476169912118857,36.825,37.988570550376906,4,True
전북,비수도권,2024,63.775,68.675,1013.25,65.425,535.75,1549.0,2.525,71.4,2.325,69.725,73.375,59.55,2.75,57.9,63.7,11.824999999999998,11.850000000000001,10.17989107909803,31.73633443742428,33.676479659792285,78.34062633139625,67.09295070183632,47.60791569879788,15.988750810796809,3.496284192241624,26.484878654852373,33.653531085487614,9.356882564866993,36.4,42.568409314745345,4,True
제주,비수도권,2024,69.325,74.725,410.0,70.975,167.75,577.75,2.35,76.275,2.2,74.625,79.375,65.7,2.45,64.1,69.825,10.525,10.574999999999996,10.485228795381897,24.22006258660679,40.449634341441055,85.01889061364383,67.7911681818777,47.87854629569137,15.355337075266993,4.619319550373415,26.466517451166155,32.077694668928885,11.234628733912317,37.225,55.368555448495485,4,True
충남,비수도권,2024,64.775,70.25,1302.25,66.7,649.75,1951.75,2.95,76.15,2.65,74.125,78.45,56.8,3.375,54.925,60.975,19.200000000000003,19.349999999999998,12.084748411946052,26.70858154881583,39.053303062532635,82.9617361490343,72.21458578099885,56.15495772447923,12.977562720041412,3.1014451814394484,22.728037735379875,29.96242408667534,11.826718160583377,38.175,41.73874211153593,4,True
충북,비수도권,2024,65.875,71.675,972.25,67.4,470.25,1442.75,2.25,76.325,2.375,74.525,78.975,58.175,2.1,57.025,63.575,17.5,18.15,12.96868454893077,26.94756587375657,36.51448984281802,83.3665901210823,71.91979695915776,52.839632114162185,15.40223255604651,3.677932288949062,23.303405754872617,31.216534905017127,10.000104907083132,37.475,42.80291866742865,4,True
강원,비수도권,2025,64.425,70.6,877.25,66.125,449.25,1326.25,2.625,72.1,2.6,70.225,76.1,60.325,2.55,58.8,64.875,11.424999999999997,11.775,10.636694741864215,33.19732669630551,32.506488093271656,77.55323257042294,70.84544529191875,48.44065042570922,18.99901157643427,3.34813029500955,23.990179522001984,30.51110474117324,9.340605893984888,36.325,42.210034913465634,4,True
경기,수도권,2025,63.825,70.725,8001.25,65.525,4204.0,12205.25,2.65,74.2,2.825,72.075,77.725,56.95,2.425,55.55,63.45,16.525,17.25,12.956261580563755,19.83739115680371,43.482789403324524,89.18911793289548,81.26274866177286,61.63416909963743,16.41664431744605,3.208656986218969,17.145461049096244,23.756425556211934,8.953223364407847,38.375,54.633364888083605,4,True
경남,비수도권,2025,63.324999999999996,69.9,1834.75,64.575,1005.75,2840.25,1.975,72.575,1.9000000000000001,71.175,76.75,56.475,2.05,55.3,62.3,15.875000000000002,16.099999999999998,9.073651787493246,27.77058706870472,37.841385331522424,82.6523789516315,71.1472212759196,53.01473720756793,16.33903538401366,1.7933794319620358,24.30432978532669,26.82839438254721,11.779826377266641,38.525,46.752225578461825,4,True
경북,비수도권,2025,64.775,70.025,1518.75,66.5,764.5,2283.25,2.675,74.325,3.025,72.025,75.975,58.575,2.175,57.325,63.275,14.700000000000003,15.749999999999998,10.005278153634151,34.23612142899148,33.09406676407804,76.80174387301763,64.8575136516769,46.48217867937138,15.403912644524596,2.972181398323574,27.937114099278162,26.660340208945232,10.353824482500816,37.9,42.78615580361786,4,True
광주,비수도권,2025,60.85,66.225,802.25,62.875,473.75,1276.0,3.25,71.275,2.875,69.275,74.275,54.8,3.7,52.775,58.1,16.5,16.475,11.821207074270614,22.28151488832046,40.74414860301696,86.25156660205708,79.80395553906754,57.841245076762114,18.033591593401617,3.9281629273649785,18.038586088554034,24.44992922925804,9.308691885155156,38.15,54.97325920523491,4,True
대구,비수도권,2025,57.975,65.7,1255.25,59.9,839.75,2094.5,3.275,67.45,3.925,64.8,70.8,52.85,2.5,51.55,60.675,13.249999999999998,14.600000000000003,11.345796369125985,23.92640861719174,39.067320064739874,85.89697775406842,75.68072040057729,56.59024001867846,15.280763253574488,3.788901141646569,21.6835355757282,23.7984511519145,7.888376919611256,38.175000000000004,55.70384412740084,4,True
대전,비수도권,2025,62.025,68.375,835.25,63.875,472.25,1307.25,2.875,71.225,3.1,69.0,74.85,56.7,2.675,55.225,61.724999999999994,13.774999999999997,14.525000000000002,14.735363865030113,21.298336959545964,41.093263573255626,87.39618910312834,78.79077161726264,58.477966917869395,17.751783746441575,2.561170402975577,19.081127495170286,26.452530636678944,9.132104711111536,37.65,57.923253375537925,4,True
부산,비수도권,2025,58.375,68.075,1745.5,60.025,1161.75,2907.75,2.75,68.2,2.575,66.45,75.825,52.525,3.0,50.975,60.475,15.474999999999998,15.674999999999999,12.269476864848212,25.106100680481312,39.29362548914579,84.74549881677545,81.04190687884052,58.67497391464566,19.302545465993134,3.0643874982017305,17.027975089861208,26.407514975599035,8.381768507324505,37.3,56.46691401456208,4,True
서울,수도권,2025,61.525,70.0,5379.0,63.675,3070.5,8449.25,3.375,70.775,3.425,68.325,75.625,57.325,3.3,55.425,64.75,12.9,13.449999999999998,15.424213948261785,19.508058071794764,44.199377383506686,88.84178847380542,83.13324654497684,63.322113683943954,16.87316586750545,2.942719845238473,15.736623165255185,24.413125686102745,9.54680992794927,38.55,64.51337867787777,4,True
세종,비수도권,2025,64.6,68.35,216.5,66.225,110.25,327.0,2.4000000000000004,74.225,1.95,72.775,75.95,58.375,2.95,56.725,60.775,16.049999999999997,15.850000000000001,10.533830246182827,15.140518168174413,52.43199275445238,90.89378434103243,83.67225185999494,72.31635203679355,10.172598613176914,1.1838600940448725,14.554249734805312,24.484021779071433,8.283491372020011,37.5,71.84288144561623,4,True
울산,비수도권,2025,59.85,66.8,588.5,61.275,372.25,960.75,2.325,73.075,1.925,71.7,79.025,48.6,2.95,47.175,53.0,24.525000000000002,24.475,11.43277237983938,20.25714222537892,41.8728616154617,88.87478473791106,83.0427355332081,63.09146640354167,17.433016572146144,2.4321930179462288,15.087938178225949,21.113537848737625,11.349451946755247,39.875,49.95891405345573,4,True
인천,수도권,2025,63.3,69.775,1773.0,65.4,938.0,2711.0,3.25,74.64999999999999,3.15,72.30000000000001,77.725,56.35,3.375,54.425,61.625,17.875000000000007,18.299999999999997,12.068430303563357,22.144827512391345,43.06555693303577,87.50218323168532,80.88021518988282,60.405837726634736,17.588319353841513,2.886226929029894,17.48751191288923,22.64009523001799,10.129074347173358,38.675,50.785729860519254,4,True
전남,비수도권,2025,65.6,70.525,1028.25,67.65,492.0,1519.75,2.975,74.7,2.85,72.575,76.5,60.425,3.2,58.525,63.575,14.049999999999999,14.275,9.520124966373439,35.759587470075786,30.905465094928243,74.46692616847386,62.70237339008581,40.30202429740127,18.9894371321225,3.436198144456257,29.02705441856012,30.9463797548065,10.898774517893282,36.925,36.92233428910539,4,True
전북,비수도권,2025,63.325,68.75,1006.75,65.1,539.75,1546.5,2.75,71.725,2.3,70.075,74.225,58.6,3.325,56.675,62.825,13.4,13.125000000000002,9.907915083343262,31.8986929532832,34.08559737453841,77.69949478322339,69.31646370693313,50.45273473749802,15.74850352640409,3.0894787900959106,24.667232152256247,27.90308122385037,9.927037533401268,36.975,44.45407071588575,4,True
제주,비수도권,2025,69.85,74.80000000000001,411.75,71.4,165.0,577.0,2.175,75.475,2.3499999999999996,73.7,77.675,67.375,2.0,66.025,71.7,7.674999999999997,8.100000000000001,10.426302943233313,26.06837414590735,38.984643333376276,83.4290499014808,68.8380474408284,47.986075026335264,17.497649808125857,3.3543226063672797,25.94834270278065,28.429158894908692,11.172021536121399,37.525,53.87885832330121,4,True
충남,비수도권,2025,65.525,71.5,1332.75,67.375,645.75,1978.5,2.725,76.275,2.775,74.175,78.92500000000001,57.949999999999996,2.725,56.375,63.0,17.8,18.325000000000003,12.233894714099819,26.99830934717208,39.07029863837506,82.44576554346406,72.85972110416958,56.17453712271398,13.777691929732981,2.945530918792329,22.297182389900268,25.042287822622978,12.237156085228214,38.675,43.264817971844735,4,True
충북,비수도권,2025,67.175,73.175,993.0,68.35,460.0,1452.5,1.75,75.675,1.35,74.675,79.275,60.725,2.275,59.375,66.35,15.300000000000002,14.950000000000001,12.430411909548738,27.656992295896984,37.002725833906425,82.23403996286837,72.20662096347766,52.82187436153577,16.771132143099443,2.638866984094971,22.679179399943443,26.424558118365972,10.729278593148805,38.175,44.609434362826136,4,True
강원,비수도권,2026,61.8,69.0,856.0,64.4,473.0,1328.0,4.0,71.5,3.2,69.2,75.4,57.5,5.0,54.6,62.2,14.600000000000001,14.0,10.475030450669914,32.03410475030451,34.22655298416565,77.95371498172959,72.71619975639464,51.64433617539586,18.392204628501826,2.679658952496955,23.142509135200974,29.963459196102317,8.647990255785627,35.1,44.945188794153474,1,False
경기,수도권,2026,62.6,69.9,7995.0,65.0,4296.0,12292.0,3.7,73.3,3.7,70.6,76.5,56.8,3.8,54.6,62.9,15.999999999999993,16.5,12.563336364817463,19.631025074704432,43.770300116928674,88.98272054047031,81.17448356502534,62.180070157204106,15.382616603871638,3.6117968039495905,17.331427829024296,21.060153306483045,8.769650513186956,38.4,55.93088216188126,1,False
경남,비수도권,2026,63.2,70.6,1854.0,65.0,998.0,2851.0,2.8,73.1,2.8,71.1,77.5,56.7,2.9,55.1,63.0,15.999999999999993,16.39999999999999,9.60044395116537,27.192008879023305,37.624861265260826,82.7968923418424,70.81021087680355,54.66148723640399,14.317425083240842,1.8312985571587126,25.305216426193116,23.751387347391788,11.598224195338513,38.7,48.335183129855714,1,False
경북,비수도권,2026,62.0,69.1,1469.0,64.3,815.0,2284.0,3.6,73.1,3.3,70.7,76.4,55.4,4.0,53.1,60.8,17.6,17.699999999999996,10.240112994350282,32.34463276836158,34.32203389830508,78.24858757062147,66.24293785310734,48.23446327683616,15.112994350282486,2.9661016949152543,28.177966101694917,27.75423728813559,9.533898305084746,36.9,43.57344632768362,1,False
광주,비수도권,2026,60.5,66.7,799.0,62.9,473.0,1272.0,3.8,70.7,3.4,68.4,74.0,55.3,4.2,52.9,59.3,15.500000000000007,15.400000000000006,12.093628088426527,22.62678803641092,40.572171651495445,86.47594278283485,79.9739921976593,59.167750325097536,17.29518855656697,3.6410923276983094,17.945383615084527,21.84655396618986,9.102730819245773,38.1,55.2665799739922,1,False
대구,비수도권,2026,57.3,65.7,1251.0,59.6,847.0,2098.0,3.8,66.9,3.7,64.4,71.1,52.8,4.0,50.7,60.3,13.700000000000003,14.100000000000009,10.640066500415628,23.358270989193684,40.399002493765586,85.785536159601,75.39484621778885,57.439733998337495,15.045719035743973,2.826267664172901,21.778886118038237,23.025768911055692,7.148794679966749,37.8,58.85286783042394,1,False
대전,비수도권,2026,60.7,67.0,831.0,63.2,483.0,1314.0,4.0,70.7,4.0,67.9,73.5,55.9,4.0,53.6,60.4,14.300000000000004,14.800000000000004,13.42534504391468,21.329987452948558,41.78168130489335,86.82559598494353,78.16813048933501,59.59849435382685,16.68757841907152,1.7565872020075282,19.69887076537014,24.341279799247175,8.657465495608532,37.8,59.72396486825596,1,False
부산,비수도권,2026,57.9,68.6,1740.0,59.9,1163.0,2903.0,3.3,67.5,3.3,65.3,74.7,53.0,3.4,51.2,62.6,14.099999999999994,14.5,12.366230677764566,24.137931034482758,40.36860879904875,85.07728894173603,80.61831153388823,59.51248513674198,18.13317479191439,2.972651605231867,17.59809750297265,23.602853745541022,8.263971462544589,37.8,57.78834720570749,1,False
서울,수도권,2026,60.8,69.3,5324.0,63.0,3131.0,8455.0,3.5,68.9,3.2,66.7,74.0,57.7,3.8,55.5,65.0,11.200000000000003,11.200000000000003,14.421954067730635,19.521214480342547,44.6866485013624,88.38069287660568,82.5807707279097,63.42934994161153,16.290385363954847,2.88049824834566,16.40716231996886,21.195017516543402,9.73141300116777,38.8,64.55819384974698,1,False
세종,비수도권,2026,64.1,68.3,217.0,65.6,114.0,330.0,2.2,72.9,2.4,71.1,74.2,58.3,2.0,57.2,62.4,13.899999999999991,14.600000000000009,9.433962264150944,15.09433962264151,53.301886792452834,91.0377358490566,84.43396226415094,71.69811320754717,11.320754716981133,1.4150943396226416,14.150943396226415,22.169811320754718,8.962264150943396,37.5,73.58490566037736,1,False
울산,비수도권,2026,59.6,67.2,593.0,61.6,370.0,963.0,3.2,72.7,3.1,70.4,78.3,49.7,3.4,48.0,54.6,22.400000000000006,23.0,10.452961672473867,20.905923344947734,42.508710801393725,88.67595818815332,84.14634146341463,63.76306620209059,17.59581881533101,2.7874564459930316,14.634146341463413,19.860627177700348,10.975609756097562,39.6,52.09059233449478,1,False
인천,수도권,2026,62.4,69.2,1775.0,64.8,965.0,2740.0,3.7,74.4,3.6,71.7,77.5,55.3,3.7,53.2,60.5,18.5,19.10000000000001,11.461988304093568,22.39766081871345,43.21637426900585,87.07602339181287,81.9298245614035,60.877192982456144,18.01169590643275,3.0409356725146197,16.72514619883041,21.578947368421055,8.88888888888889,38.5,51.345029239766085,1,False
전남,비수도권,2026,64.1,69.9,1022.0,67.0,504.0,1526.0,4.3,74.0,3.1,71.7,76.3,59.8,5.7,56.3,62.4,15.400000000000006,14.200000000000003,8.88661899897855,35.13789581205312,31.869254341164456,74.77017364657814,63.02349336057201,41.77732379979571,17.7732379979571,3.472931562819203,28.600612870275793,29.928498467824312,9.499489274770173,36.3,39.325842696629216,1,False
전북,비수도권,2026,62.1,67.9,993.0,64.1,555.0,1548.0,3.2,71.9,3.0,69.7,74.3,56.5,3.3,54.6,61.0,15.100000000000001,15.400000000000006,9.67741935483871,32.049947970863684,34.54734651404787,77.52341311134235,70.55150884495318,50.36420395421436,17.48178980228928,2.705515088449532,24.97398543184183,30.697190426638915,9.053069719042664,35.8,47.13839750260146,1,False
제주,비수도권,2026,71.1,76.2,421.0,73.1,155.0,577.0,2.7,76.7,2.7,74.6,78.9,69.5,2.7,67.6,73.3,7.0,7.200000000000003,11.219512195121952,26.585365853658537,37.80487804878049,82.92682926829268,69.02439024390243,47.5609756097561,18.29268292682927,3.414634146341464,25.365853658536587,28.536585365853657,11.707317073170733,37.2,54.87804878048781,1,False
충남,비수도권,2026,63.8,71.0,1307.0,65.6,685.0,1993.0,2.7,74.8,2.4,73.0,78.4,55.9,3.1,54.2,62.4,18.799999999999997,18.9,12.028301886792454,25.78616352201258,40.172955974842765,83.25471698113208,73.19182389937107,58.490566037735846,12.578616352201259,2.1226415094339623,22.562893081761008,24.135220125786162,10.220125786163523,37.9,46.69811320754717,1,False
충북,비수도권,2026,65.3,72.2,980.0,67.0,483.0,1463.0,2.5,74.5,2.4,72.8,77.9,59.1,2.7,57.5,65.9,15.299999999999997,15.399999999999999,12.447698744769875,26.98744769874477,37.55230125523013,82.74058577405857,73.32635983263597,54.60251046025104,16.84100418410042,1.882845188284519,22.17573221757322,25.313807531380757,10.87866108786611,37.8,44.45606694560669,1,False
