"시도별(1)","연령계층별(1)",2025.10,2025.11,2025.12,2026.01,2026.02,2026.03
"계","계",29040,29046,28209,27986,28413,28795
"계","15 - 29세",3521,3491,3490,3434,3411,3422
"계","15 - 19세",126,135,146,160,149,150
"계","20 - 29세",3396,3356,3344,3274,3262,3273
"계","30 - 39세",5569,5581,5578,5568,5574,5617
"계","40 - 49세",6138,6154,6108,6091,6080,6115
"계","50 - 59세",6703,6709,6667,6658,6649,6667
"계","60세이상",7110,7111,6367,6236,6698,6974
"계","15 - 64세",24623,24637,24441,24272,24248,24402
"계","15 - 24세",1125,1101,1101,1103,1065,1048
"서울특별시","계",5228,5224,5150,5084,5143,5186
"서울특별시","15 - 29세",781,778,773,736,742,745
"서울특별시","15 - 19세",18,17,23,29,25,21
"서울특별시","20 - 29세",764,761,751,707,717,724
"서울특별시","30 - 39세",1243,1241,1242,1248,1252,1239
"서울특별시","40 - 49세",1066,1070,1060,1050,1045,1054
"서울특별시","50 - 59세",1090,1082,1078,1087,1098,1107
"서울특별시","60세이상",1048,1052,996,963,1007,1040
"서울특별시","15 - 64세",4608,4602,4571,4524,4540,4558
"서울특별시","15 - 24세",212,208,203,198,193,188
"부산광역시","계",1707,1718,1672,1657,1695,1694
"부산광역시","15 - 29세",206,207,208,208,209,208
"부산광역시","15 - 19세",8,9,8,8,8,10
"부산광역시","20 - 29세",198,198,200,199,201,198
"부산광역시","30 - 39세",307,312,312,315,318,321
"부산광역시","40 - 49세",366,364,363,364,362,357
"부산광역시","50 - 59세",395,396,394,395,388,386
"부산광역시","60세이상",434,440,395,376,419,423
"부산광역시","15 - 64세",1437,1441,1438,1434,1433,1427
"부산광역시","15 - 24세",66,63,62,66,64,61
"대구광역시","계",1217,1228,1198,1179,1214,1216
"대구광역시","15 - 29세",136,136,136,135,127,121
"대구광역시","15 - 19세",8,8,5,4,3,3
"대구광역시","20 - 29세",128,129,131,132,124,119
"대구광역시","30 - 39세",211,216,217,217,224,226
"대구광역시","40 - 49세",266,268,264,264,265,262
"대구광역시","50 - 59세",311,310,311,310,307,308
"대구광역시","60세이상",294,297,270,254,291,299
"대구광역시","15 - 64세",1040,1046,1040,1033,1035,1030
"대구광역시","15 - 24세",42,45,43,42,37,33
"인천광역시","계",1737,1729,1668,1682,1717,1730
"인천광역시","15 - 29세",203,201,199,197,196,195
"인천광역시","15 - 19세",9,11,9,8,10,10
"인천광역시","20 - 29세",193,190,190,188,186,185
"인천광역시","30 - 39세",353,352,353,356,355,360
"인천광역시","40 - 49세",391,386,385,380,383,383
"인천광역시","50 - 59세",393,394,390,392,392,391
"인천광역시","60세이상",397,396,341,358,391,401
"인천광역시","15 - 64세",1500,1496,1481,1484,1490,1492
"인천광역시","15 - 24세",65,68,62,61,61,58
"광주광역시","계",790,784,753,763,768,778
"광주광역시","15 - 29세",91,88,90,92,93,94
"광주광역시","15 - 19세",5,4,5,5,5,5
"광주광역시","20 - 29세",86,84,85,87,88,88
"광주광역시","30 - 39세",145,145,143,140,138,141
"광주광역시","40 - 49세",174,173,170,172,172,172
"광주광역시","50 - 59세",197,197,196,195,189,191
"광주광역시","60세이상",184,182,154,165,175,180
"광주광역시","15 - 64세",677,672,666,665,661,669
"광주광역시","15 - 24세",30,27,27,31,30,29
"대전광역시","계",817,816,800,788,796,807
"대전광역시","15 - 29세",114,113,112,108,104,110
"대전광역시","15 - 19세",4,2,3,3,4,6
"대전광역시","20 - 29세",111,111,109,105,99,104
"대전광역시","30 - 39세",173,172,173,171,169,167
"대전광역시","40 - 49세",159,162,164,164,163,165
"대전광역시","50 - 59세",189,188,189,187,188,186
"대전광역시","60세이상",181,181,162,158,173,179
"대전광역시","15 - 64세",706,704,703,692,687,696
"대전광역시","15 - 24세",33,35,38,36,31,38
"울산광역시","계",572,578,557,565,576,581
"울산광역시","15 - 29세",63,63,63,61,61,59
"울산광역시","15 - 19세",2,2,2,3,3,4
"울산광역시","20 - 29세",62,62,61,58,58,55
"울산광역시","30 - 39세",107,109,107,107,107,106
"울산광역시","40 - 49세",132,133,134,135,137,138
"울산광역시","50 - 59세",150,153,151,150,151,152
"울산광역시","60세이상",119,120,103,112,120,126
"울산광역시","15 - 64세",505,511,507,507,511,510
"울산광역시","15 - 24세",18,17,16,16,17,18
"세종특별자치시","계",212,212,210,210,211,215
"세종특별자치시","15 - 29세",22,21,21,21,20,20
"세종특별자치시","15 - 19세",1,1,1,1,2,1
"세종특별자치시","20 - 29세",21,20,20,20,19,19
"세종특별자치시","30 - 39세",50,50,51,51,50,51
"세종특별자치시","40 - 49세",61,61,62,62,62,62
"세종특별자치시","50 - 59세",46,47,47,47,46,46
"세종특별자치시","60세이상",34,33,29,29,31,35
"세종특별자치시","15 - 64세",191,192,193,194,192,193
"세종특별자치시","15 - 24세",8,7,6,8,7,7
"경기도","계",7789,7800,7714,7649,7684,7758
"경기도","15 - 29세",974,960,976,981,966,953
"경기도","15 - 19세",41,49,59,59,50,52
"경기도","20 - 29세",933,911,917,922,916,901
"경기도","30 - 39세",1602,1595,1602,1598,1588,1613
"경기도","40 - 49세",1770,1788,1772,1771,1763,1773
"경기도","50 - 59세",1839,1855,1850,1854,1854,1844
"경기도","60세이상",1605,1601,1514,1446,1513,1575
"경기도","15 - 64세",6893,6907,6876,6869,6827,6851
"경기도","15 - 24세",334,321,336,347,326,302
"강원도","계",882,876,800,780,822,861
"강원도","15 - 29세",88,84,85,86,85,87
"강원도","15 - 19세",3,4,2,4,5,5
"강원도","20 - 29세",84,81,83,82,80,82
"강원도","30 - 39세",129,129,130,127,129,133
"강원도","40 - 49세",152,151,149,150,149,153
"강원도","50 - 59세",204,203,197,188,191,197
"강원도","60세이상",310,309,239,229,268,291
"강원도","15 - 64세",667,660,647,630,636,655
"강원도","15 - 24세",31,29,28,31,33,34
"충청북도","계",998,993,950,935,961,971
"충청북도","15 - 29세",130,126,123,120,119,119
"충청북도","15 - 19세",6,6,5,6,6,4
"충청북도","20 - 29세",125,121,117,114,113,114
"충청북도","30 - 39세",174,175,175,175,172,169
"충청북도","40 - 49세",189,188,185,186,188,186
"충청북도","50 - 59세",227,224,220,221,220,220
"충청북도","60세이상",278,281,247,233,262,277
"충청북도","15 - 64세",815,808,794,794,791,788
"충청북도","15 - 24세",44,42,38,38,37,35
"충청남도","계",1318,1328,1271,1228,1261,1327
"충청남도","15 - 29세",149,154,152,151,148,160
"충청남도","15 - 19세",4,4,3,4,5,9
"충청남도","20 - 29세",145,149,149,147,143,152
"충청남도","30 - 39세",238,243,240,237,242,245
"충청남도","40 - 49세",273,272,274,270,268,273
"충청남도","50 - 59세",282,287,281,279,275,283
"충청남도","60세이상",377,374,323,291,329,365
"충청남도","15 - 64세",1064,1079,1069,1049,1048,1080
"충청남도","15 - 24세",47,47,48,44,44,52
"전라북도","계",1001,998,914,933,965,986
"전라북도","15 - 29세",100,100,92,88,93,98
"전라북도","15 - 19세",2,3,4,3,3,2
"전라북도","20 - 29세",98,97,89,85,90,96
"전라북도","30 - 39세",150,149,150,149,151,153
"전라북도","40 - 49세",184,184,183,181,181,181
"전라북도","50 - 59세",235,234,229,229,229,228
"전라북도","60세이상",331,333,260,286,311,325
"전라북도","15 - 64세",766,765,747,736,744,755
"전라북도","15 - 24세",32,30,29,28,32,35
"전라남도","계",1007,1008,957,950,986,1001
"전라남도","15 - 29세",93,92,92,87,91,85
"전라남도","15 - 19세",4,4,4,4,4,3
"전라남도","20 - 29세",89,89,88,83,87,82
"전라남도","30 - 39세",127,126,124,124,127,133
"전라남도","40 - 49세",181,182,182,184,182,187
"전라남도","50 - 59세",239,240,240,235,236,237
"전라남도","60세이상",368,368,319,321,350,360
"전라남도","15 - 64세",746,744,738,727,731,739
"전라남도","15 - 24세",34,33,34,31,32,31
"경상북도","계",1519,1497,1406,1394,1406,1448
"경상북도","15 - 29세",156,147,154,148,142,145
"경상북도","15 - 19세",2,2,4,4,4,4
"경상북도","20 - 29세",154,146,150,144,139,142
"경상북도","30 - 39세",215,219,212,211,210,215
"경상북도","40 - 49세",277,277,274,274,271,278
"경상북도","50 - 59세",341,334,328,329,327,326
"경상북도","60세이상",530,520,439,432,457,484
"경상북도","15 - 64세",1158,1146,1124,1109,1098,1116
"경상북도","15 - 24세",53,45,49,46,44,47
"경상남도","계",1837,1843,1794,1786,1796,1823
"경상남도","15 - 29세",174,176,171,169,169,179
"경상남도","15 - 19세",8,9,8,12,10,10
"경상남도","20 - 29세",165,167,163,158,159,169
"경상남도","30 - 39세",281,284,283,279,277,281
"경상남도","40 - 49세",405,403,396,396,401,400
"경상남도","50 - 59세",465,466,465,461,458,464
"경상남도","60세이상",513,515,480,480,491,500
"경상남도","15 - 64세",1513,1522,1507,1486,1486,1503
"경상남도","15 - 24세",60,65,64,61,59,61
"제주도","계",409,413,397,404,412,414
"제주도","15 - 29세",43,44,44,46,47,46
"제주도","15 - 19세",2,2,2,3,3,2
"제주도","20 - 29세",41,43,41,43,44,44
"제주도","30 - 39세",65,65,66,65,66,64
"제주도","40 - 49세",92,93,92,90,89,89
"제주도","50 - 59세",101,101,100,100,100,102
"제주도","60세이상",108,109,96,103,111,113
"제주도","15 - 64세",338,342,341,340,339,339
"제주도","15 - 24세",18,18,19,20,19,19
