"시도별","취업시간별",2016.1/4,2016.2/4,2016.3/4,2016.4/4,2017.1/4,2017.2/4,2017.3/4,2017.4/4,2018.1/4,2018.2/4,2018.3/4,2018.4/4,2019.1/4,2019.2/4,2019.3/4,2019.4/4,2020.1/4,2020.2/4,2020.3/4,2020.4/4,2021.1/4,2021.2/4,2021.3/4,2021.4/4,2022.1/4,2022.2/4,2022.3/4,2022.4/4,2023.1/4,2023.2/4,2023.3/4,2023.4/4,2024.1/4,2024.2/4,2024.3/4,2024.4/4,2025.1/4,2025.2/4,2025.3/4,2025.4/4,2026.1/4
"계","계",25747,26552,26719,26618,26100,26919,26998,26883,26283,27019,27015,26971,26461,27256,27382,27393,26749,26849,27068,26952,26369,27467,27645,27611,27369,28347,28425,28216,27767,28693,28687,28518,28060,28839,28833,28570,28215,29046,29050,28765,28398
"계"," 1-17시간",1209,1244,1339,1276,1324,1309,1419,1397,1426,1496,1638,1519,1656,1803,1944,1880,1770,1819,2042,1974,2045,2176,2247,2141,2180,2193,2367,2263,2191,2189,2437,2255,2489,2461,2668,2383,2548,2568,2707,2499,2582
"계"," 18-35시간",2613,3612,4073,2584,2698,2664,4126,2718,2722,4300,4679,3059,3092,3116,4847,3271,3400,5154,3871,3793,3666,3714,5339,5494,3752,3685,8943,6728,3918,3808,6387,3994,7007,6866,7179,4187,3926,4023,6619,4078,4015
"계"," 36-44시간",9058,9407,9418,9975,9608,10029,9678,10529,10369,10095,10506,11375,11024,11445,10664,11943,11470,10833,11911,12050,11829,12419,11451,11641,12595,13113,9496,11471,13186,13499,11612,13370,11111,11510,11362,13637,13222,13686,11762,13956,13649
"계"," 45-53시간",6891,6571,6220,7055,6727,7114,6427,6888,6510,6192,5729,6512,6226,6408,5622,6231,5764,4849,5252,5313,5236,5533,5098,5033,5392,5736,4465,4621,5182,5615,4899,5497,4477,4812,4490,5231,5285,5496,4797,5099,4981
"계","*36시간미만",3822,4855,5412,3860,4022,3972,5544,4115,4148,5796,6317,4578,4748,4919,6791,5150,5170,6973,5913,5767,5711,5890,7586,7635,5931,5878,11310,8992,6109,5997,8824,6249,9496,9327,9847,6571,6474,6591,9327,6577,6597
"계"," 54시간 이상",5440,5397,5186,5419,5242,5505,4922,5048,4741,4586,4022,4201,3996,4133,3798,3769,3420,3116,3218,3249,2920,3215,3001,2934,2840,3209,2654,2720,2775,3205,2889,3050,2454,2804,2606,2785,2686,2869,2591,2688,2576
"계","*36시간 이상",21390,21374,20823,22449,21578,22648,21027,22466,21620,20873,20256,22088,21247,21985,20083,21942,20655,18798,20381,20613,19985,21168,19550,19608,20828,22058,16616,18812,21143,22320,19400,21917,18042,19126,18458,21652,21192,22051,19150,21743,21205
"계","일시휴직자",536,323,484,309,500,299,427,302,515,350,443,305,466,353,507,300,924,1078,773,572,672,409,508,368,611,412,499,412,515,376,463,352,522,386,528,347,549,404,573,445,596
"계","주당평균취업시간 (시간)",43.3,43.1,42.2,43.5,42.9,43.5,42.0,42.9,42.2,41.6,40.5,41.7,41.1,41.2,39.8,40.8,39.5,38.1,38.9,39.4,38.9,39.5,38.5,38.7,38.8,39.6,36.9,37.8,38.8,39.6,37.9,39.3,37.0,37.8,37.0,38.8,38.3,38.7,37.2,38.5,38.0
"계","1~14시간",857,902,940,916,932,922,979,1006,1038,1080,1160,1099,1176,1319,1368,1344,1253,1232,1380,1351,1439,1540,1559,1510,1550,1508,1657,1593,1538,1546,1713,1604,1748,1738,1841,1642,1774,1772,1864,1705,1779
"계","15~35시간",2964,3953,4473,2945,3090,3050,4565,3109,3110,4716,5157,3479,3572,3600,5423,3806,3918,5742,4533,4416,4272,4350,6027,6125,4381,4369,9653,7399,4572,4452,7112,4646,7748,7589,8006,4929,4700,4819,7462,4872,4819
"계","36~52시간",15745,15806,15499,16885,16198,17005,15967,17275,16748,16155,16133,17781,17144,17746,16189,18069,17127,15605,17075,17274,16982,17855,16458,16586,17884,18748,13880,16002,18275,19025,16432,18778,15523,16239,15782,18773,18416,19088,16482,18975,18554
"계","53시간이상",5645,5569,5324,5564,5380,5643,5060,5190,4872,4718,4123,4307,4103,4239,3894,3874,3528,3193,3306,3339,3003,3313,3092,3022,2944,3310,2736,2810,2868,3295,2968,3139,2519,2887,2676,2879,2776,2962,2668,2768,2651
"서울특별시","계",5096,5149,5163,5177,5105,5172,5190,5144,5082,5106,5073,5060,4972,5098,5145,5130,5070,5023,5059,5054,4960,5081,5077,5102,5060,5134,5133,5127,5096,5196,5188,5215,5213,5248,5238,5215,5113,5219,5260,5201,5138
"서울특별시"," 1-17시간",211,218,229,239,226,250,272,269,237,300,330,297,281,347,373,332,276,314,347,363,362,413,400,394,342,365,384,376,323,343,355,339,344,402,443,402,361,389,418,379,372
"서울특별시"," 18-35시간",446,708,772,469,490,475,806,463,475,870,947,522,490,531,961,567,596,997,728,712,665,674,1026,1032,671,657,1782,1298,669,662,1211,704,1370,1397,1464,749,705,742,1323,766,717
"서울특별시"," 36-44시간",1832,1889,1835,1939,1914,1994,1885,2101,2078,1956,1979,2212,2168,2211,2063,2396,2351,2121,2359,2363,2344,2405,2188,2246,2481,2570,1688,2149,2578,2574,2163,2600,2138,2116,2084,2634,2587,2638,2165,2616,2608
"서울특별시"," 45-53시간",1449,1279,1245,1424,1395,1417,1247,1340,1302,1140,1032,1242,1254,1259,1019,1150,1104,862,939,954,943,991,868,833,913,904,696,749,903,956,865,956,772,764,699,892,901,877,798,859,843
"서울특별시","*36시간미만",657,926,1001,709,716,724,1078,732,712,1170,1277,820,771,878,1334,899,872,1312,1075,1075,1027,1088,1426,1426,1012,1022,2166,1673,992,1005,1566,1043,1713,1799,1906,1152,1066,1131,1742,1145,1089
"서울특별시"," 54시간 이상",1054,978,981,1045,977,974,893,903,891,785,704,732,697,690,619,623,582,506,526,533,503,523,495,506,521,562,476,475,528,584,515,546,474,472,439,468,472,509,461,498,493
"서울특별시","*36시간 이상",4335,4146,4062,4408,4286,4384,4024,4343,4270,3881,3715,4186,4119,4160,3701,4169,4036,3490,3824,3850,3789,3919,3550,3586,3915,4036,2860,3372,4009,4114,3544,4101,3384,3352,3222,3994,3959,4024,3425,3973,3944
"서울특별시","일시휴직자",104,77,100,61,102,64,87,69,100,55,81,54,83,60,110,61,162,222,160,129,144,75,101,90,132,77,107,82,95,77,78,71,115,97,110,69,87,64,93,82,104
"서울특별시","주당평균취업시간 (시간)",43.7,42.8,42.3,43.6,43.1,43.2,41.7,42.7,42.5,41.2,40.1,41.7,41.4,41.1,39.1,40.7,39.9,37.7,38.7,38.9,38.8,39.2,38.1,38.4,39.1,39.6,36.6,37.8,39.5,39.9,38.5,39.7,37.6,37.4,36.6,38.9,39.0,39.0,37.4,38.8,38.8
"서울특별시","1~14시간",151,155,161,168,159,176,194,197,178,214,232,215,207,258,259,235,191,214,232,249,263,304,278,273,224,252,263,254,213,233,250,252,241,272,299,275,248,266,277,258,244
"서울특별시","15~35시간",507,771,839,541,557,548,884,535,535,956,1045,605,564,620,1075,664,680,1098,844,826,764,784,1148,1153,788,770,1903,1420,780,772,1316,791,1473,1527,1607,876,819,865,1465,887,845
"서울특별시","36~52시간",3245,3139,3062,3339,3284,3386,3113,3416,3359,3074,2992,3436,3405,3455,3068,3531,3429,2972,3288,3306,3274,3377,3043,3067,3377,3456,2370,2884,3465,3514,3013,3537,2899,2868,2775,3514,3479,3502,2949,3467,3444
"서울특별시","53시간이상",1089,1007,1000,1068,1002,998,911,926,911,807,723,750,714,705,633,638,607,518,536,544,515,542,507,519,539,580,489,488,544,600,531,564,486,484,447,481,480,523,476,506,500
"부산광역시","계",1677,1692,1687,1688,1674,1700,1688,1678,1648,1663,1646,1672,1643,1672,1692,1695,1651,1615,1643,1649,1618,1670,1682,1659,1646,1681,1696,1692,1680,1697,1705,1684,1675,1692,1702,1683,1672,1714,1705,1699,1682
"부산광역시"," 1-17시간",74,92,95,84,75,103,91,92,83,104,111,103,95,124,125,128,111,121,140,152,148,151,164,139,137,155,168,145,133,156,165,148,158,181,192,162,174,188,185,159,141
"부산광역시"," 18-35시간",172,239,271,182,179,181,254,181,177,271,276,205,208,200,275,211,221,317,251,230,218,230,337,347,246,236,550,421,237,222,387,241,403,382,368,221,223,253,355,258,256
"부산광역시"," 36-44시간",597,587,580,629,632,615,602,641,656,608,625,680,652,685,655,732,712,637,701,726,727,747,665,674,721,747,528,650,764,756,636,756,639,654,668,823,792,783,722,824,803
"부산광역시"," 45-53시간",422,403,374,425,404,428,402,430,408,376,367,406,388,387,365,355,336,281,306,300,302,305,287,285,316,327,252,277,314,338,300,329,289,294,285,309,304,313,273,295,306
"부산광역시","*36시간미만",246,331,366,266,253,284,345,273,261,375,387,308,303,324,400,339,332,437,391,382,366,382,502,486,383,391,717,566,371,378,553,389,562,562,560,382,397,441,539,417,397
"부산광역시"," 54시간 이상",380,351,332,351,357,356,306,313,291,278,238,261,271,253,244,250,212,184,192,198,176,201,195,197,193,197,165,179,201,201,187,190,155,153,150,149,146,145,129,136,135
"부산광역시","*36시간 이상",1400,1340,1286,1404,1393,1399,1309,1384,1355,1262,1230,1347,1310,1326,1264,1338,1260,1102,1200,1224,1205,1253,1147,1157,1230,1272,946,1106,1279,1295,1123,1275,1083,1100,1103,1281,1242,1241,1124,1255,1244
"부산광역시","일시휴직자",32,21,35,18,28,17,34,20,32,26,29,17,30,22,28,19,59,76,52,43,47,36,33,16,33,18,33,20,30,23,29,20,31,29,39,20,32,33,42,27,41
"부산광역시","주당평균취업시간 (시간)",43.6,42.8,41.8,43.3,43.2,43.0,41.8,42.8,42.4,41.1,40.4,41.6,41.4,41.0,40.2,40.7,39.4,37.6,38.4,38.5,38.4,38.8,38.0,38.9,39.2,39.4,36.3,37.8,39.3,39.2,37.7,39.2,37.3,37.1,36.6,38.5,37.8,37.3,36.3,37.8,37.8
"부산광역시","1~14시간",48,66,67,59,50,69,62,64,57,70,79,73,65,87,86,87,74,84,95,103,103,106,116,94,93,107,129,108,97,117,123,110,114,141,136,113,128,132,136,105,95
"부산광역시","15~35시간",197,266,299,207,203,215,282,209,203,304,308,235,238,237,314,251,258,353,296,279,263,276,386,392,290,284,589,459,274,262,430,279,448,421,424,269,269,308,403,313,303
"부산광역시","36~52시간",1006,976,943,1042,1029,1035,995,1060,1055,977,984,1079,1032,1064,1012,1080,1043,914,1002,1021,1023,1046,946,954,1032,1071,775,922,1071,1089,932,1078,924,942,949,1127,1094,1092,993,1113,1105
"부산광역시","53시간이상",394,364,343,362,363,365,314,324,300,285,245,267,278,262,252,258,218,188,198,203,182,207,201,203,198,201,170,183,208,206,191,197,159,159,154,154,148,149,131,141,139
"대구광역시","계",1221,1253,1263,1251,1235,1250,1242,1229,1195,1235,1238,1236,1204,1228,1227,1218,1169,1163,1200,1206,1184,1229,1231,1225,1215,1233,1239,1226,1220,1265,1264,1237,1212,1227,1215,1208,1201,1225,1216,1214,1203
"대구광역시"," 1-17시간",54,60,68,64,56,61,64,61,55,69,74,60,69,79,87,83,80,87,99,84,86,106,121,99,97,104,115,107,102,117,133,102,102,110,104,101,100,111,114,109,105
"대구광역시"," 18-35시간",115,155,176,108,120,124,151,114,122,171,209,161,150,154,207,160,171,213,190,194,179,176,207,227,165,154,349,257,153,154,238,160,281,258,265,148,143,153,255,171,171
"대구광역시"," 36-44시간",396,419,428,457,419,424,419,422,420,450,465,484,454,477,475,504,454,487,560,561,552,569,541,541,564,567,439,508,557,573,513,576,486,509,513,608,586,582,512,590,574
"대구광역시"," 45-53시간",357,336,303,339,345,363,360,390,351,317,291,337,321,333,285,314,274,200,217,237,235,236,224,233,250,262,205,215,252,265,233,257,221,233,212,233,243,259,225,248,241
"대구광역시","*36시간미만",169,216,243,172,176,186,215,175,177,241,284,221,219,233,294,243,251,301,289,278,266,282,328,326,262,258,464,365,255,271,370,262,383,367,369,249,243,264,369,280,277
"대구광역시"," 54시간 이상",276,274,270,270,272,264,230,230,221,213,180,180,182,169,149,144,121,103,109,116,105,123,113,111,115,134,113,125,133,144,129,126,100,106,101,105,104,104,86,82,84
"대구광역시","*36시간 이상",1029,1029,1001,1067,1036,1051,1008,1042,992,979,936,1001,956,979,910,962,849,790,886,915,892,928,878,885,929,963,758,847,943,982,874,959,807,848,827,946,933,944,824,920,898
"대구광역시","일시휴직자",23,9,19,12,24,13,19,12,26,15,19,14,29,16,24,13,69,72,25,13,26,19,25,13,24,11,17,14,22,12,20,17,22,12,19,13,25,17,24,14,28
"대구광역시","주당평균취업시간 (시간)",43.9,43.7,42.8,43.9,43.6,43.6,42.7,43.5,42.6,41.9,40.6,41.7,41.0,40.9,39.4,40.3,37.6,36.0,37.9,39.0,38.4,38.6,37.5,38.2,38.6,39.5,36.9,38.1,39.1,39.3,37.8,39.2,37.4,38.0,37.5,39.0,38.7,38.7,37.1,38.2,37.8
"대구광역시","1~14시간",42,48,51,50,40,43,44,46,41,50,52,44,48,56,58,55,51,58,64,53,54,72,80,66,68,67,79,73,70,83,92,72,72,82,68,66,67,73,78,74,68
"대구광역시","15~35시간",127,168,193,122,136,143,171,129,136,191,232,177,171,177,236,188,200,242,225,225,212,210,248,260,195,191,385,291,185,188,278,190,310,286,301,182,176,191,291,205,209
"대구광역시","36~52시간",745,748,722,790,756,781,768,803,760,758,751,815,770,804,757,815,723,684,773,795,785,802,763,772,810,826,643,720,807,835,742,832,707,742,725,840,827,840,736,834,812
"대구광역시","53시간이상",284,281,279,277,280,270,241,239,232,221,185,186,187,174,153,148,126,106,113,120,107,126,115,113,118,137,115,127,136,147,133,127,101,106,102,106,105,104,87,87,86
"인천광역시","계",1495,1530,1536,1521,1504,1540,1536,1550,1551,1581,1580,1586,1558,1592,1586,1588,1553,1561,1570,1556,1531,1575,1575,1570,1561,1614,1639,1641,1613,1663,1684,1660,1654,1689,1724,1718,1695,1725,1731,1711,1710
"인천광역시"," 1-17시간",55,67,86,67,54,75,77,71,63,83,87,76,76,86,99,91,80,103,111,100,98,119,117,104,97,118,134,125,122,135,148,127,140,148,180,150,160,175,171,149,158
"인천광역시"," 18-35시간",126,186,225,125,133,139,222,131,131,232,265,169,164,170,304,181,184,301,209,195,194,194,288,280,198,181,511,363,201,177,339,197,394,381,403,217,183,187,332,198,211
"인천광역시"," 36-44시간",560,567,569,612,632,609,573,629,645,612,628,688,671,685,610,709,702,643,732,740,729,740,679,718,744,770,556,709,801,824,714,820,692,700,698,828,808,819,730,883,867
"인천광역시"," 45-53시간",396,380,346,391,356,380,354,390,391,370,342,396,372,368,325,362,324,283,304,311,306,322,307,297,340,344,248,268,306,326,289,310,264,283,275,340,338,344,295,305,304
"인천광역시","*36시간미만",181,253,310,192,187,214,298,202,194,315,352,245,239,256,402,273,264,405,320,295,293,313,405,385,295,298,646,488,323,312,487,324,534,529,583,367,343,362,503,347,369
"인천광역시"," 54시간 이상",335,320,291,310,305,322,286,314,300,268,236,241,247,255,225,228,215,175,170,176,161,176,155,150,154,177,165,157,161,181,170,185,141,157,150,167,176,173,170,154,146
"인천광역시","*36시간 이상",1290,1267,1205,1313,1293,1311,1213,1333,1336,1249,1206,1325,1289,1308,1160,1299,1240,1101,1205,1227,1196,1238,1140,1165,1238,1291,969,1134,1269,1330,1172,1314,1097,1141,1123,1335,1323,1337,1194,1343,1317
"인천광역시","일시휴직자",24,9,21,17,25,15,25,15,20,17,22,17,30,28,24,17,49,55,45,34,43,25,30,21,28,25,24,20,21,21,24,22,23,19,18,16,30,26,34,21,24
"인천광역시","주당평균취업시간 (시간)",44.3,43.6,42.3,43.9,43.5,43.6,42.3,43.6,43.5,42.0,41.0,42.2,41.8,41.7,40.1,41.4,40.4,38.4,39.0,39.6,39.2,39.6,38.6,39.1,39.7,39.9,37.3,38.3,39.4,39.7,38.2,39.6,37.6,37.8,37.1,39.2,39.1,38.9,37.7,39.0,38.5
"인천광역시","1~14시간",38,49,58,45,34,52,50,50,41,58,59,51,50,62,73,66,56,69,76,71,70,85,85,76,69,86,102,94,82,95,105,88,97,105,125,102,104,110,112,97,101
"인천광역시","15~35시간",143,205,252,146,153,163,249,152,153,257,293,194,189,194,329,207,207,336,244,223,223,228,321,309,227,212,544,394,240,217,383,235,437,424,458,266,239,252,391,250,268
"인천광역시","36~52시간",946,938,907,993,983,983,920,1012,1032,975,963,1077,1038,1049,930,1064,1021,924,1032,1046,1031,1057,978,1009,1074,1106,799,969,1102,1146,998,1123,952,982,968,1161,1142,1158,1019,1183,1165
"인천광역시","53시간이상",344,329,298,319,311,328,294,321,305,275,243,248,251,259,230,235,219,177,173,181,165,181,162,156,164,185,170,165,166,184,174,192,146,160,155,175,181,179,175,160,152
"광주광역시","계",721,735,734,731,734,746,747,748,742,751,751,752,739,749,751,759,747,746,749,748,736,752,751,740,740,749,754,757,759,770,773,773,782,786,773,757,765,778,786,776,769
"광주광역시"," 1-17시간",31,35,39,37,35,40,46,45,42,50,50,47,41,55,52,55,48,61,52,59,55,62,60,56,60,60,65,59,59,65,70,60,75,80,81,67,82,83,88,80,77
"광주광역시"," 18-35시간",62,95,92,61,78,77,103,68,80,113,119,74,79,85,122,98,101,128,103,105,103,98,135,120,92,93,213,165,96,98,156,107,183,164,175,98,91,90,157,89,90
"광주광역시"," 36-44시간",265,263,276,276,277,284,289,307,305,288,309,335,323,326,301,327,315,314,328,318,326,328,307,325,351,343,274,325,374,366,333,376,319,330,308,363,351,366,330,385,371
"광주광역시"," 45-53시간",209,189,179,210,198,206,178,195,191,181,169,184,182,179,163,170,158,133,139,161,146,153,140,141,136,151,118,121,132,141,119,136,125,133,131,151,160,157,131,137,145
"광주광역시","*36시간미만",93,130,131,97,114,117,148,113,122,163,169,121,121,139,174,153,148,189,155,164,159,160,194,176,152,154,278,224,154,163,226,167,258,244,255,165,173,173,245,169,168
"광주광역시"," 54시간 이상",143,141,136,139,135,133,124,127,111,107,92,103,103,95,99,102,95,82,88,93,91,98,95,91,88,95,76,78,89,92,84,87,70,72,67,69,69,76,66,75,69
"광주광역시","*36시간 이상",616,594,591,624,610,623,591,629,608,576,570,622,609,600,562,599,568,529,555,573,563,578,543,557,575,588,468,524,596,598,536,599,515,535,507,583,579,599,527,597,584
"광주광역시","일시휴직자",11,11,12,9,11,7,8,6,12,13,12,10,10,10,15,7,30,29,39,11,14,13,14,7,13,7,8,9,9,9,11,7,9,6,11,9,13,6,13,10,17
"광주광역시","주당평균취업시간 (시간)",44.2,43.4,42.8,44.0,43.3,43.3,42.0,42.8,42.0,41.0,40.4,41.6,41.6,40.8,39.9,40.6,39.5,38.1,38.5,40.1,39.7,40.0,39.3,39.9,39.7,40.4,37.7,38.5,39.7,39.7,38.1,39.6,37.6,37.9,37.1,38.8,38.3,38.8,37.0,38.5,38.1
"광주광역시","1~14시간",24,26,30,28,25,32,34,34,32,38,35,35,28,43,40,42,32,40,35,35,39,46,43,40,46,44,44,40,42,47,53,39,49,58,60,47,58,62,64,55,51
"광주광역시","15~35시간",70,104,101,70,89,85,115,79,90,125,134,86,93,97,133,111,116,149,121,129,120,115,151,136,106,110,234,184,112,115,174,128,209,187,196,118,115,111,181,114,117
"광주광역시","36~52시간",468,449,451,480,470,486,464,498,493,465,475,514,501,502,461,495,470,445,465,477,469,477,446,464,483,491,389,444,504,505,450,511,443,460,439,513,510,522,460,521,514
"광주광역시","53시간이상",148,144,140,145,139,137,128,132,115,111,95,107,107,98,102,104,98,84,90,96,93,102,96,94,92,97,79,81,92,93,86,88,72,75,67,71,69,77,67,76,70
"대전광역시","계",764,777,776,778,760,766,762,767,760,760,757,758,754,764,785,785,776,773,784,788,759,787,797,796,783,789,797,805,794,800,798,797,786,798,788,785,797,816,820,811,797
"대전광역시"," 1-17시간",35,37,42,37,35,33,37,31,32,38,43,41,41,45,59,57,56,58,73,73,63,73,75,69,66,70,71,65,57,63,73,61,66,68,71,64,78,78,79,70,74
"대전광역시"," 18-35시간",76,119,136,70,66,62,116,67,78,121,140,80,86,89,138,91,88,153,108,105,101,105,156,152,106,99,247,198,116,109,194,123,208,203,207,124,117,121,201,116,120
"대전광역시"," 36-44시간",281,296,298,335,309,321,295,333,321,299,316,348,332,325,308,346,342,319,351,349,332,343,321,330,363,369,274,319,380,390,320,369,308,314,300,379,372,386,327,406,394
"대전광역시"," 45-53시간",210,185,172,202,210,216,190,206,196,180,147,174,179,186,169,186,167,129,142,150,152,152,133,134,137,137,109,125,141,147,118,149,120,123,118,125,133,144,131,139,128
"대전광역시","*36시간미만",111,156,178,107,101,95,153,98,111,159,182,121,127,134,197,148,144,211,180,179,164,178,230,221,172,169,318,264,173,172,266,185,274,271,279,188,194,200,279,186,194
"대전광역시"," 54시간 이상",143,130,116,127,127,124,109,120,115,112,100,107,101,104,96,95,91,80,84,95,88,95,92,96,91,99,84,86,80,78,74,82,69,75,71,78,80,73,65,70,67
"대전광역시","*36시간 이상",634,611,586,663,646,660,593,659,633,591,563,629,612,616,573,627,601,528,577,593,571,590,546,561,590,605,466,530,601,614,511,599,497,511,488,583,585,603,523,615,589
"대전광역시","일시휴직자",19,10,12,8,14,10,17,9,16,9,12,8,15,14,15,11,31,35,27,16,23,20,21,14,21,15,13,11,20,13,20,13,15,15,21,15,17,13,18,11,14
"대전광역시","주당평균취업시간 (시간)",42.7,41.8,40.9,42.8,42.6,43.0,41.2,42.7,42.0,41.3,40.2,41.5,40.8,41.0,39.2,40.3,39.0,37.3,37.9,38.9,38.7,38.9,37.8,38.5,38.5,39.2,37.0,37.9,38.7,38.9,36.9,38.9,37.0,37.1,36.4,38.2,37.8,37.9,36.6,38.3,37.8
"대전광역시","1~14시간",25,28,29,27,25,23,25,22,23,27,31,31,31,33,42,39,40,37,52,54,49,53,55,50,48,48,46,42,37,40,47,43,46,50,48,44,50,52,55,49,55
"대전광역시","15~35시간",86,128,148,80,76,73,128,77,87,132,151,90,96,100,155,108,105,173,128,125,115,125,176,171,124,121,272,222,137,133,219,142,229,222,230,144,144,147,224,136,139
"대전광역시","36~52시간",488,479,468,532,515,535,479,535,514,476,461,520,508,510,475,529,508,445,491,497,482,493,450,460,497,503,380,442,519,535,435,516,427,436,415,502,504,527,456,543,520
"대전광역시","53시간이상",147,133,119,130,131,126,114,124,119,116,102,109,104,106,99,97,93,83,86,97,90,97,96,101,93,101,86,88,82,80,77,84,70,76,72,81,82,75,67,72,69
"울산광역시","계",565,575,580,583,576,587,583,588,579,577,570,571,558,574,576,577,564,555,563,559,549,552,558,560,551,569,572,571,564,574,573,575,560,578,576,575,569,583,579,569,574
"울산광역시"," 1-17시간",19,23,31,24,24,27,30,28,25,32,34,31,25,31,34,34,36,37,43,38,34,41,48,44,47,50,56,48,44,44,46,38,44,49,51,43,41,48,49,42,45
"울산광역시"," 18-35시간",46,80,106,56,54,52,102,68,58,88,97,62,65,62,82,60,68,104,74,67,73,77,108,118,71,68,170,135,66,69,111,75,123,115,119,70,65,67,107,67,69
"울산광역시"," 36-44시간",194,201,210,221,212,220,193,221,240,219,225,243,238,243,236,251,230,224,247,246,244,249,224,225,260,262,187,216,261,249,226,251,215,219,217,249,242,247,225,256,258
"울산광역시"," 45-53시간",173,154,122,157,156,156,139,146,134,122,114,135,134,147,130,143,134,105,109,126,121,115,112,107,111,131,103,116,131,144,122,136,108,121,119,137,146,150,130,135,134
"울산광역시","*36시간미만",65,103,137,81,79,79,131,96,83,120,131,93,90,93,116,94,104,141,118,104,107,118,155,162,118,117,226,183,110,113,157,113,167,164,170,113,106,115,156,109,114
"울산광역시"," 54시간 이상",120,112,100,117,119,122,108,116,110,101,87,93,87,83,81,82,73,65,69,70,63,61,57,60,51,51,45,47,51,61,58,67,57,66,59,69,64,64,58,61,59
"울산광역시","*36시간 이상",487,466,432,494,487,498,440,482,484,443,426,471,458,473,448,476,437,394,424,441,428,425,393,392,422,443,335,379,442,453,406,454,379,406,395,455,453,460,413,451,450
"울산광역시","일시휴직자",14,6,11,8,11,10,12,10,12,14,13,8,10,8,12,8,23,21,21,13,14,9,11,6,11,8,12,10,12,8,10,8,14,8,11,7,11,7,11,10,11
"울산광역시","주당평균취업시간 (시간)",44.3,43.5,41.3,43.9,43.7,43.8,41.8,43.0,42.9,41.4,40.5,42.2,41.9,41.9,40.7,41.6,39.8,38.3,38.7,40.2,39.8,39.6,38.6,38.9,38.9,39.3,36.5,37.9,39.4,40.0,38.8,40.4,38.3,39.1,38.4,40.4,40.4,40.2,38.8,40.1,39.6
"울산광역시","1~14시간",12,17,19,18,17,17,19,18,17,22,24,19,17,23,26,27,25,26,29,25,26,29,31,30,32,33,40,33,31,31,32,25,30,33,33,30,28,34,34,27,32
"울산광역시","15~35시간",53,86,118,62,62,62,112,78,67,97,108,74,73,70,90,67,80,115,89,79,81,89,124,132,86,84,187,149,79,82,125,88,138,131,136,83,77,81,122,82,82
"울산광역시","36~52시간",352,345,324,369,362,371,328,362,372,338,337,375,368,386,363,390,360,326,351,368,360,361,333,330,370,390,287,329,388,389,346,385,321,339,334,384,385,393,352,387,387
"울산광역시","53시간이상",135,121,108,126,125,127,112,120,113,104,89,96,90,87,85,86,77,68,73,73,68,64,60,62,53,53,48,50,54,65,60,69,59,67,61,72,68,68,61,64,63
"세종특별자치시","계",-,-,-,-,121,130,133,134,136,147,153,157,159,167,171,173,172,180,185,182,180,188,189,185,187,199,201,202,203,212,211,207,205,211,212,213,208,214,212,211,212
"세종특별자치시"," 1-17시간",-,-,-,-,6,7,9,8,8,9,9,7,8,9,11,10,10,9,12,9,10,12,13,13,13,14,15,13,11,11,13,12,14,17,20,16,13,14,17,15,16
"세종특별자치시"," 18-35시간",-,-,-,-,11,12,20,12,12,21,26,14,15,15,31,19,19,36,21,20,21,22,43,44,25,27,71,54,33,33,60,30,53,56,56,31,29,32,53,33,31
"세종특별자치시"," 36-44시간",-,-,-,-,47,53,48,56,57,56,58,70,68,72,65,81,82,73,85,91,88,91,80,75,88,93,63,80,98,102,81,105,87,86,87,110,108,109,89,104,105
"세종특별자치시"," 45-53시간",-,-,-,-,32,33,30,33,32,32,34,38,40,41,37,38,35,33,38,35,37,38,28,29,33,36,27,31,36,39,32,37,28,31,30,35,34,35,29,36,34
"세종특별자치시","*36시간미만",-,-,-,-,17,19,29,20,20,30,34,21,23,24,42,29,29,45,33,28,31,34,56,57,38,41,86,68,43,43,73,42,67,73,75,47,43,46,70,48,47
"세종특별자치시"," 54시간 이상",-,-,-,-,22,23,22,22,23,25,21,22,21,25,21,21,18,20,22,22,19,21,19,18,19,23,16,16,17,20,18,19,15,15,15,15,16,18,17,18,18
"세종특별자치시","*36시간 이상",-,-,-,-,101,108,100,112,112,113,113,131,129,137,122,140,135,126,145,148,144,150,128,122,140,151,106,126,151,161,130,161,129,132,131,160,157,162,134,158,157
"세종특별자치시","일시휴직자",-,-,-,-,3,2,3,3,5,4,5,5,7,6,7,4,8,9,7,5,6,4,6,5,8,8,9,8,8,7,8,5,8,6,7,6,8,7,8,6,8
"세종특별자치시","주당평균취업시간 (시간)",-,-,-,-,42.1,42.3,40.7,41.8,41.3,40.8,39.9,41.3,40.4,41.1,38.9,40.2,38.9,38.3,39.5,40.3,39.7,40.0,37.9,37.7,38.2,38.9,35.3,36.6,38.2,38.9,36.5,39.1,36.2,36.5,35.8,37.6,37.7,38.1,36.2,38.0,37.5
"세종특별자치시","1~14시간",-,-,-,-,4,6,7,6,6,7,6,5,6,7,8,8,8,6,8,6,7,8,9,8,10,10,11,9,7,8,9,8,10,12,13,11,9,9,11,10,10
"세종특별자치시","15~35시간",-,-,-,-,13,14,23,14,14,23,28,16,17,17,34,21,22,39,25,23,24,26,47,50,29,31,75,59,36,36,64,34,57,61,62,36,34,37,59,38,38
"세종특별자치시","36~52시간",-,-,-,-,79,85,77,89,88,88,91,108,107,111,101,119,116,105,123,125,124,128,108,104,120,128,89,110,134,140,112,142,114,117,116,145,141,144,117,139,138
"세종특별자치시","53시간이상",-,-,-,-,22,23,23,23,23,26,22,23,22,26,21,21,19,21,23,23,20,22,20,19,20,23,17,17,18,21,18,19,15,15,15,16,17,18,17,18,19
"경기도","계",6337,6524,6592,6562,6511,6685,6763,6778,6670,6825,6837,6829,6772,6993,6999,7043,6913,6911,6904,6906,6850,7154,7255,7339,7393,7698,7694,7606,7476,7694,7727,7715,7558,7787,7823,7760,7684,7881,7820,7767,7697
"경기도"," 1-17시간",238,293,300,258,267,262,302,286,294,311,362,340,385,433,487,451,409,465,523,456,469,520,522,505,503,540,565,523,463,487,566,541,556,581,650,579,565,610,666,619,599
"경기도"," 18-35시간",598,842,982,576,625,628,1068,620,605,1126,1192,689,714,776,1315,798,799,1383,938,930,852,910,1459,1476,898,938,2571,1769,971,982,1709,997,1903,1928,2040,1119,1003,1056,1868,1018,1022
"경기도"," 36-44시간",2193,2258,2271,2440,2387,2431,2403,2695,2732,2591,2743,3004,2988,3082,2787,3188,3077,2771,3032,3163,3171,3382,3098,3205,3639,3773,2602,3266,3826,3865,3339,3857,3140,3191,3152,3821,3774,3883,3233,3957,3896
"경기도"," 45-53시간",1818,1724,1649,1894,1814,1913,1682,1825,1696,1548,1432,1649,1587,1586,1355,1635,1566,1275,1443,1426,1470,1494,1362,1354,1520,1603,1233,1269,1426,1499,1267,1452,1209,1293,1197,1444,1511,1514,1287,1362,1361
"경기도","*36시간미만",836,1135,1282,834,892,890,1370,906,900,1437,1554,1029,1099,1209,1802,1248,1207,1848,1460,1386,1321,1429,1981,1981,1400,1478,3135,2293,1435,1469,2275,1538,2459,2509,2690,1698,1567,1666,2535,1637,1621
"경기도"," 54시간 이상",1347,1321,1261,1310,1292,1384,1217,1286,1206,1151,996,1063,1000,1026,935,901,876,757,779,790,726,750,692,698,683,728,596,657,654,756,708,768,615,691,647,709,669,706,628,681,653
"경기도","*36시간 이상",5358,5304,5180,5644,5493,5728,5302,5806,5634,5289,5171,5715,5576,5694,5076,5723,5519,4803,5255,5380,5367,5625,5152,5257,5842,6103,4431,5192,5905,6120,5314,6077,4964,5175,4996,5974,5954,6103,5148,6000,5909
"경기도","일시휴직자",144,85,130,84,127,67,92,66,136,99,111,85,97,90,121,72,187,260,188,141,162,100,122,102,150,116,127,121,136,105,139,100,136,103,137,88,163,112,137,130,167
"경기도","주당평균취업시간 (시간)",43.8,43.3,42.5,43.9,43.4,44.1,42.3,43.6,42.9,41.8,40.7,42.0,41.5,41.2,39.6,40.9,40.2,38.2,39.1,39.6,39.5,39.7,38.6,38.8,39.4,39.5,36.7,38.1,39.3,39.7,37.9,39.5,37.5,37.9,37.0,39.1,38.8,38.9,37.2,38.6,38.4
"경기도","1~14시간",154,212,195,184,179,182,191,198,203,233,256,242,261,312,327,313,290,309,342,305,308,362,351,353,356,358,377,352,299,325,369,361,366,400,443,386,370,411,455,430,409
"경기도","15~35시간",682,923,1087,651,713,708,1178,709,697,1204,1299,788,837,897,1475,935,918,1539,1119,1081,1013,1068,1630,1628,1044,1120,2758,1941,1135,1143,1906,1177,2092,2109,2248,1313,1197,1255,2080,1208,1212
"경기도","36~52시간",3938,3933,3880,4298,4156,4304,4046,4478,4394,4102,4148,4629,4546,4636,4113,4791,4611,4026,4444,4562,4616,4846,4431,4531,5125,5345,3816,4511,5230,5342,4583,5286,4330,4452,4324,5230,5250,5368,4501,5297,5234
"경기도","53시간이상",1420,1370,1300,1346,1337,1424,1256,1328,1240,1187,1023,1087,1030,1058,964,932,909,777,811,817,752,779,720,726,717,759,615,681,675,778,730,791,634,723,672,744,704,735,647,703,675
"강원도","계",690,772,774,762,724,819,826,791,728,813,820,795,751,834,849,812,764,814,816,786,744,832,841,820,765,838,848,820,786,871,869,836,783,872,878,841,799,885,882,853,821
"강원도"," 1-17시간",43,51,53,48,46,61,73,66,53,67,68,65,66,77,77,77,67,61,73,76,73,90,96,88,84,97,101,97,97,108,117,106,109,114,110,95,112,117,114,106,120
"강원도"," 18-35시간",78,123,132,82,86,78,119,95,92,131,137,99,103,103,142,111,112,155,121,117,111,123,164,165,110,113,251,198,110,125,185,125,189,201,215,130,116,135,198,147,126
"강원도"," 36-44시간",260,267,254,293,271,305,275,304,281,290,286,320,302,337,303,329,308,310,340,332,319,353,316,323,335,377,269,309,355,389,320,363,287,337,336,393,352,383,335,371,360
"강원도"," 45-53시간",134,143,132,154,136,160,146,146,137,154,148,154,136,162,162,156,138,139,142,138,126,145,139,137,129,138,120,115,120,140,133,137,106,120,108,130,122,153,135,139,117
"강원도","*36시간미만",121,174,185,130,133,139,192,162,145,198,205,164,168,180,219,188,178,216,194,192,184,213,260,253,194,210,352,295,207,232,302,231,298,315,325,225,228,252,312,253,246
"강원도"," 54시간 이상",158,179,188,175,166,204,197,169,151,163,169,147,127,145,146,127,104,112,117,105,91,112,107,97,86,100,90,88,80,98,100,94,73,92,91,84,78,84,79,69,69
"강원도","*36시간 이상",552,588,575,622,573,669,618,619,569,607,602,622,565,644,611,613,549,561,598,574,537,609,562,558,550,615,479,512,555,626,552,594,466,548,535,607,553,619,548,579,546
"강원도","일시휴직자",17,11,14,10,18,11,16,10,15,7,13,9,18,10,19,11,36,36,24,20,24,10,19,9,21,13,17,14,25,13,14,12,19,8,18,10,18,14,22,21,30
"강원도","주당평균취업시간 (시간)",42.8,42.5,42.3,43.2,42.5,43.4,41.9,42.0,41.7,41.4,41.1,41.3,39.9,40.7,39.8,39.9,38.1,38.1,38.8,38.6,37.9,38.7,37.6,37.9,37.6,38.2,36.0,36.6,36.7,37.6,36.5,37.6,35.2,36.5,35.9,37.7,36.5,36.9,35.7,36.2,35.1
"강원도","1~14시간",31,39,40,35,37,48,58,52,42,55,53,52,49,57,61,60,47,40,51,55,51,65,75,71,65,75,78,77,77,85,89,79,80,87,83,69,81,88,85,75,86
"강원도","15~35시간",90,135,145,94,96,91,134,110,103,143,151,112,119,123,157,128,132,176,144,137,133,148,185,182,129,136,274,218,130,148,213,152,218,228,242,156,148,164,228,178,161
"강원도","36~52시간",391,407,384,444,406,461,417,446,414,441,431,472,436,497,463,484,444,447,480,467,444,495,452,458,462,513,387,422,473,527,451,499,393,455,442,521,471,533,467,508,474
"강원도","53시간이상",161,181,191,177,168,208,201,173,155,166,171,150,130,147,148,129,105,114,119,107,93,114,110,100,87,102,93,90,82,99,101,95,73,93,93,86,81,86,81,71,71
"충청북도","계",808,855,862,855,812,877,884,870,833,896,896,880,850,891,895,885,870,902,901,887,859,907,910,914,896,940,938,930,908,953,951,943,922,971,962,947,944,988,990,981,956
"충청북도"," 1-17시간",43,39,41,43,42,37,43,43,49,53,56,58,61,58,59,66,66,62,67,66,72,74,75,85,84,78,89,87,84,66,79,78,101,85,94,87,100,87,93,93,90
"충청북도"," 18-35시간",84,116,133,89,89,90,127,91,95,140,152,103,108,108,147,94,95,169,123,117,110,116,175,178,130,118,254,221,141,117,208,146,228,217,225,149,138,142,220,158,153
"충청북도"," 36-44시간",295,311,319,336,306,331,338,374,340,341,348,370,360,374,344,397,392,370,387,393,394,400,356,356,370,394,303,338,404,433,364,416,349,384,369,433,423,445,384,441,428
"충청북도"," 45-53시간",199,200,185,202,193,219,192,194,186,209,194,219,191,212,204,195,167,157,180,178,164,186,169,168,181,202,166,171,168,208,184,203,156,166,163,167,174,197,178,167,163
"충청북도","*36시간미만",127,155,174,132,130,127,170,134,144,194,208,161,169,166,206,160,161,231,190,184,182,190,250,264,214,195,342,307,225,184,287,224,329,302,319,236,239,229,313,251,242
"충청북도"," 54시간 이상",170,178,169,178,165,192,171,160,149,145,130,124,116,129,124,126,119,116,117,112,99,121,117,114,107,135,107,98,89,114,98,89,71,107,92,101,91,107,99,108,100
"충청북도","*36시간 이상",664,690,673,715,664,742,700,728,675,695,672,713,667,715,672,717,678,644,685,683,657,708,642,638,658,730,576,607,661,756,647,707,576,657,624,701,688,749,661,715,691
"충청북도","일시휴직자",17,10,14,7,19,8,13,9,13,8,16,6,14,9,17,7,31,27,27,20,20,9,18,12,25,14,20,16,22,14,17,11,18,12,19,10,18,10,16,15,22
"충청북도","주당평균취업시간 (시간)",42.7,42.8,42.1,43.2,42.5,43.9,42.3,42.6,41.7,41.5,40.3,41.2,40.1,41.1,40.1,40.9,39.2,38.8,39.2,39.5,39.0,40.2,38.9,38.7,38.2,40.2,37.3,37.5,37.8,40.2,38.1,38.8,36.1,38.2,37.1,38.5,37.8,39.1,37.6,38.2,37.8
"충청북도","1~14시간",32,30,29,31,31,27,30,32,35,40,40,44,48,42,40,52,50,41,43,44,50,51,52,62,60,53,62,66,64,45,56,59,75,59,68,66,75,63,64,67,67
"충청북도","15~35시간",95,125,145,101,100,100,141,102,109,154,168,117,122,124,166,108,111,190,147,140,132,139,198,202,154,143,280,241,161,138,231,166,254,243,251,170,164,166,249,184,176
"충청북도","36~52시간",490,507,501,534,495,545,525,565,523,545,539,585,546,582,544,588,556,525,565,566,554,585,524,522,548,592,467,508,570,637,546,615,503,548,529,597,593,638,559,604,587
"충청북도","53시간이상",175,183,172,182,169,197,175,163,152,150,133,128,120,133,128,129,122,119,120,117,103,123,118,116,110,138,109,99,91,119,101,92,73,109,95,104,95,110,102,112,104
"충청남도","계",1145,1241,1265,1253,1063,1162,1174,1163,1105,1193,1222,1195,1157,1216,1209,1203,1127,1190,1207,1182,1115,1217,1231,1209,1150,1241,1267,1245,1178,1278,1278,1256,1186,1290,1293,1288,1240,1323,1318,1306,1272
"충청남도"," 1-17시간",57,54,59,59,58,64,71,74,73,59,65,67,84,65,73,79,73,71,83,72,78,82,87,93,103,95,114,117,120,115,131,127,110,99,107,108,120,106,119,113,122
"충청남도"," 18-35시간",119,150,185,112,90,112,188,139,128,176,190,129,138,138,183,146,154,224,167,165,166,171,220,240,161,179,344,303,162,178,289,172,273,296,323,197,175,188,289,190,185
"충청남도"," 36-44시간",411,441,435,457,387,406,387,392,390,433,478,493,455,482,462,468,433,442,491,467,447,509,491,466,474,508,429,462,515,538,465,533,461,475,494,577,549,585,518,610,591
"충청남도"," 45-53시간",282,297,309,349,284,313,268,283,276,290,276,288,264,295,271,301,259,230,258,261,237,254,244,237,239,269,215,211,232,264,233,264,197,239,197,226,231,246,207,228,220
"충청남도","*36시간미만",176,203,244,171,148,177,259,213,201,235,255,195,221,203,255,224,227,295,250,237,244,253,307,333,264,274,458,420,282,293,420,299,383,395,430,305,295,294,408,303,307
"충청남도"," 54시간 이상",257,287,260,263,221,253,240,257,214,220,198,207,195,221,203,201,172,195,188,198,159,183,167,155,142,172,143,136,128,171,142,145,116,166,144,163,147,177,151,141,127
"충청남도","*36시간 이상",950,1025,1004,1068,891,972,895,933,880,943,951,989,914,999,936,970,864,866,936,925,843,945,902,857,855,949,787,809,876,972,840,941,773,880,835,965,927,1009,876,979,938
"충청남도","일시휴직자",19,13,17,14,25,14,20,16,25,16,16,11,21,14,17,9,36,29,20,19,28,19,22,19,31,18,23,17,21,13,19,16,30,15,28,19,18,21,34,24,27
"충청남도","주당평균취업시간 (시간)",43.5,43.9,43.1,44.1,43.1,43.6,41.9,42.8,41.8,42.2,41.2,42.2,41.1,42.2,41.1,41.8,40.2,40.2,40.7,41.1,39.8,40.6,39.6,39.1,38.8,40.3,37.5,37.6,38.3,39.7,37.6,39.0,37.0,39.0,37.5,39.2,38.8,39.8,37.5,38.6,37.9
"충청남도","1~14시간",40,37,42,38,38,41,47,53,52,39,42,44,59,45,52,55,53,47,57,55,52,55,57,68,76,61,80,84,91,83,93,87,76,67,75,72,87,67,74,71,84
"충청남도","15~35시간",137,167,202,133,109,135,213,160,148,197,213,152,162,159,204,169,174,248,194,182,192,197,250,265,188,213,377,336,191,210,327,212,307,328,355,232,208,227,334,232,222
"충청남도","36~52시간",688,731,739,799,664,713,647,668,658,716,749,776,713,771,728,763,687,667,744,725,680,759,731,700,710,772,637,668,742,796,693,792,655,710,687,801,776,827,719,834,808
"충청남도","53시간이상",262,294,265,270,226,259,247,265,222,227,202,213,201,227,208,207,177,199,192,201,163,186,171,158,145,177,150,141,134,176,148,150,118,170,148,164,151,182,157,145,130
"전라북도","계",894,957,968,942,894,938,931,919,884,926,925,923,902,940,934,934,906,929,947,947,923,962,970,955,934,986,991,961,954,990,1002,986,971,1004,1003,972,956,987,1003,971,961
"전라북도"," 1-17시간",71,50,60,59,80,59,60,68,89,57,58,59,87,73,71,76,95,67,71,81,105,79,91,98,121,104,106,101,125,100,115,107,140,109,115,102,132,109,113,110,142
"전라북도"," 18-35시간",111,135,137,96,102,108,142,115,110,145,157,141,145,131,167,140,142,174,166,160,157,146,188,202,152,139,281,241,173,142,214,164,260,219,226,159,159,122,203,146,153
"전라북도"," 36-44시간",323,356,362,366,314,358,340,356,323,352,375,381,352,378,360,378,339,364,401,403,389,420,363,359,377,408,324,352,390,450,401,433,350,390,394,443,411,461,407,461,435
"전라북도"," 45-53시간",220,241,221,246,218,229,223,217,196,214,201,212,195,220,197,213,187,185,187,179,161,195,200,186,182,215,175,166,156,180,168,182,133,171,162,167,149,176,153,150,130
"전라북도","*36시간미만",183,184,197,155,181,167,202,183,199,202,215,200,231,204,238,216,237,241,237,242,262,224,279,300,273,243,386,342,297,242,329,271,400,328,340,261,291,230,316,256,295
"전라북도"," 54시간 이상",152,167,173,167,163,174,158,159,150,151,122,126,114,131,126,120,107,115,108,111,100,117,120,104,88,108,92,90,96,111,96,94,76,104,92,90,89,107,95,89,85
"전라북도","*36시간 이상",695,764,756,779,696,762,721,731,669,717,698,719,661,728,683,711,633,663,696,692,649,732,684,649,647,732,592,608,641,741,664,708,559,665,648,700,650,744,654,700,650
"전라북도","일시휴직자",16,9,15,8,17,10,9,6,16,7,12,4,10,7,13,6,37,25,13,13,12,6,7,7,14,11,13,11,16,7,9,7,12,12,15,11,16,13,33,15,17
"전라북도","주당평균취업시간 (시간)",40.6,42.0,41.3,42.1,40.7,42.0,41.2,41.2,39.7,41.0,39.8,40.2,38.4,40.1,39.5,39.8,37.2,38.6,38.8,38.6,37.4,39.4,38.8,37.9,36.8,38.7,36.5,36.6,36.1,38.5,37.0,37.6,34.5,37.2,36.5,37.4,36.0,38.4,36.3,37.2,35.8
"전라북도","1~14시간",53,34,43,43,60,44,46,49,65,41,41,45,64,56,54,54,65,47,53,58,83,58,66,74,95,76,80,77,98,79,87,84,110,79,84,74,98,79,79,77,103
"전라북도","15~35시간",130,150,154,111,122,123,156,134,134,162,174,155,167,148,184,162,172,194,184,184,178,166,212,226,178,167,306,265,199,163,242,186,290,249,256,187,193,151,237,179,192
"전라북도","36~52시간",540,594,579,608,530,584,559,570,514,562,573,589,544,596,554,588,523,544,585,579,546,612,558,540,555,619,496,515,544,627,566,612,481,558,555,609,559,635,557,608,563
"전라북도","53시간이상",155,170,177,171,166,178,162,161,155,156,125,129,116,133,129,124,109,120,112,114,103,120,126,109,92,113,96,93,97,114,98,96,78,107,93,92,91,109,97,92,87
"전라남도","계",920,975,989,973,922,967,969,970,930,970,967,978,952,973,981,989,961,977,982,975,947,995,1001,996,981,1024,1021,1016,1003,1041,1024,1007,991,1017,1012,997,982,1012,1005,991,979
"전라남도"," 1-17시간",66,51,56,62,89,51,56,59,78,54,54,48,57,61,66,71,67,58,69,74,77,72,76,69,94,75,82,83,104,89,103,95,132,98,105,94,130,115,118,110,125
"전라남도"," 18-35시간",167,160,174,139,151,123,157,128,139,160,162,140,173,124,157,129,163,167,134,140,173,148,169,187,173,145,285,247,196,172,241,174,257,250,256,184,179,182,237,165,168
"전라남도"," 36-44시간",357,421,431,438,375,452,438,434,393,402,433,439,399,423,422,463,429,450,476,467,438,459,453,441,420,458,357,403,404,441,376,419,360,388,376,422,393,406,353,413,394
"전라남도"," 45-53시간",194,205,185,197,181,210,192,214,197,225,202,223,202,225,200,205,169,173,163,171,155,189,180,182,172,210,175,172,177,201,174,196,144,169,162,179,170,188,168,186,181
"전라남도","*36시간미만",233,211,229,201,239,174,213,187,216,214,216,187,229,185,222,199,229,226,202,214,250,220,246,256,266,220,367,330,300,260,344,269,390,348,360,279,308,297,355,275,293
"전라남도"," 54시간 이상",114,126,124,123,106,121,110,125,109,122,107,121,105,130,124,115,99,105,113,109,89,112,109,110,103,124,105,99,106,124,112,114,84,104,100,109,92,105,108,104,89
"전라남도","*36시간 이상",664,752,740,759,661,783,741,773,699,749,741,783,706,778,745,782,696,727,752,746,681,761,742,733,695,792,637,674,687,766,662,729,588,661,638,709,655,699,629,702,664
"전라남도","일시휴직자",23,12,21,13,21,10,16,10,15,7,10,8,17,10,14,7,35,25,29,15,16,14,13,7,20,12,16,12,16,14,18,10,13,8,14,10,18,16,20,13,22
"전라남도","주당평균취업시간 (시간)",38.5,40.3,39.4,40.0,38.1,40.8,39.6,40.6,39.1,40.5,39.8,40.8,38.9,40.7,39.7,40.0,37.6,38.7,38.6,38.8,37.5,39.0,38.8,39.0,37.3,39.8,37.4,37.6,37.2,38.8,37.1,38.4,35.3,37.3,36.7,38.0,36.2,37.3,36.5,37.7,36.3
"전라남도","1~14시간",49,37,40,46,63,36,39,44,58,39,39,36,37,47,50,53,47,40,49,50,57,51,54,49,66,52,58,57,72,65,75,72,97,72,72,67,97,88,87,75,88
"전라남도","15~35시간",184,174,190,156,176,138,173,144,159,175,177,152,192,138,172,146,182,186,153,164,193,169,192,207,200,168,309,273,229,196,270,197,292,276,288,212,212,210,268,200,205
"전라남도","36~52시간",546,621,612,632,552,656,624,644,585,622,629,658,597,644,618,665,596,620,636,634,590,647,629,621,589,663,527,569,569,634,548,609,499,551,531,594,555,587,516,593,571
"전라남도","53시간이상",119,130,128,127,109,127,116,129,114,126,112,125,109,134,127,117,100,107,115,113,92,114,114,112,107,129,110,106,118,132,114,120,89,110,107,115,101,112,113,109,93
"경상북도","계",1400,1463,1458,1452,1409,1468,1465,1445,1378,1442,1443,1443,1388,1436,1448,1449,1397,1413,1441,1422,1357,1417,1439,1428,1405,1492,1486,1464,1426,1497,1465,1458,1423,1485,1479,1460,1431,1496,1514,1474,1416
"경상북도"," 1-17시간",105,71,71,92,112,80,83,92,123,85,90,99,125,97,98,113,129,85,102,102,129,99,103,113,133,98,113,128,159,118,126,139,184,133,145,142,172,149,163,167,194
"경상북도"," 18-35시간",164,192,206,164,164,148,202,168,161,207,231,186,190,158,215,164,196,224,196,216,227,187,230,254,214,213,398,336,228,200,295,227,344,288,282,224,249,191,282,204,199
"경상북도"," 36-44시간",473,494,496,511,490,537,502,524,468,485,527,550,518,565,563,587,540,587,641,642,587,630,629,609,610,656,537,603,631,683,600,627,547,617,610,650,607,671,615,656,603
"경상북도"," 45-53시간",321,340,332,351,313,356,362,359,331,335,311,332,295,327,311,320,285,282,279,272,247,305,283,285,283,311,255,230,261,299,266,296,220,271,262,282,249,307,281,284,268
"경상북도","*36시간미만",269,262,277,256,277,228,285,260,284,292,321,285,314,255,314,277,325,309,298,319,355,286,332,367,347,311,512,464,387,318,421,366,528,422,427,367,421,340,445,370,393
"경상북도"," 54시간 이상",315,353,339,325,310,334,297,292,276,315,262,259,241,277,242,254,195,180,195,174,144,182,181,159,141,197,165,153,132,188,167,160,114,166,160,150,133,167,154,150,133
"경상북도","*36시간 이상",1109,1186,1166,1186,1113,1227,1161,1176,1075,1135,1100,1140,1053,1168,1116,1160,1020,1049,1114,1087,977,1118,1093,1052,1034,1164,957,986,1023,1169,1033,1083,881,1054,1031,1081,990,1145,1050,1090,1004
"경상북도","일시휴직자",23,14,15,10,20,13,19,9,19,15,22,18,20,13,19,12,52,55,29,17,24,13,13,9,24,18,17,15,16,9,11,10,15,9,22,12,20,11,19,14,19
"경상북도","주당평균취업시간 (시간)",42.2,43.9,43.3,43.1,42.1,43.7,42.8,43.0,41.5,43.1,41.6,41.7,40.4,42.3,41.1,41.3,38.4,39.0,39.7,39.3,37.6,40.2,39.7,38.9,37.8,40.1,37.9,37.6,37.3,39.9,38.6,38.6,35.5,38.7,37.9,38.4,36.6,39.1,37.8,38.1,36.9
"경상북도","1~14시간",85,53,56,70,86,63,62,70,96,60,66,76,97,71,74,89,101,61,76,74,101,75,71,84,105,71,78,94,125,92,93,99,132,94,101,99,130,111,118,116,145
"경상북도","15~35시간",184,210,221,185,190,165,223,189,188,232,254,210,218,184,240,189,224,248,222,245,255,211,261,284,242,240,433,370,262,226,328,268,396,327,326,268,291,228,327,254,248
"경상북도","36~52시간",789,827,822,857,799,888,858,880,795,815,835,879,810,886,872,903,823,866,918,911,831,932,910,890,889,964,789,829,889,979,865,921,765,886,869,929,855,975,895,937,869
"경상북도","53시간이상",319,359,344,329,314,339,303,296,280,320,265,262,243,282,244,257,197,183,197,177,146,186,183,162,145,200,168,156,134,190,169,161,116,168,162,152,135,170,155,153,135
"경상남도","계",1669,1704,1717,1726,1690,1737,1731,1734,1697,1764,1769,1756,1727,1751,1754,1763,1730,1727,1739,1722,1682,1762,1759,1724,1711,1766,1744,1740,1715,1792,1771,1763,1741,1783,1757,1752,1764,1798,1807,1825,1802
"경상남도"," 1-17시간",88,81,87,81,95,78,80,77,90,95,116,95,124,131,139,128,137,130,143,135,148,144,156,139,162,133,150,153,154,134,158,145,178,152,166,141,171,149,160,140,153
"경상남도"," 18-35시간",204,251,284,211,210,207,288,215,209,274,307,234,215,217,326,246,234,332,278,258,254,271,358,381,274,254,539,417,293,302,456,280,437,419,451,292,285,296,444,285,275
"경상남도"," 36-44시간",525,534,553,549,518,564,566,602,589,582,586,624,608,642,577,640,628,593,644,652,613,658,618,617,656,668,536,631,687,708,618,712,591,649,615,731,695,746,660,800,785
"경상남도"," 45-53시간",428,421,390,433,410,421,379,428,405,418,400,436,413,399,359,405,387,322,341,342,364,378,347,347,377,425,313,318,358,394,328,376,318,332,311,348,354,369,319,367,349
"경상남도","*36시간미만",291,331,371,291,305,284,368,293,299,369,424,329,339,348,465,374,371,462,421,393,402,415,514,520,436,387,689,570,447,436,614,425,615,571,617,432,456,446,603,425,428
"경상남도"," 54시간 이상",385,396,365,430,431,449,389,385,365,362,317,343,321,334,309,317,283,270,278,283,249,283,241,219,202,255,177,193,188,233,183,234,183,212,185,216,215,209,184,207,201
"경상남도","*36시간 이상",1338,1351,1308,1412,1359,1433,1334,1415,1360,1361,1303,1403,1342,1375,1246,1362,1298,1184,1263,1277,1225,1320,1206,1182,1234,1347,1026,1143,1232,1335,1129,1321,1092,1192,1110,1294,1265,1323,1163,1374,1336
"경상남도","일시휴직자",40,22,38,23,26,20,28,26,38,34,42,24,46,28,43,28,62,81,54,52,55,28,39,22,41,32,29,28,35,22,28,17,33,19,30,25,44,30,41,26,38
"경상남도","주당평균취업시간 (시간)",43.1,43.6,42.2,44.0,43.8,44.4,42.6,43.2,42.6,42.2,40.8,42.5,41.2,41.6,40.1,41.5,40.0,38.6,39.4,39.8,39.0,40.4,38.7,38.9,38.5,40.4,37.1,37.9,38.3,39.9,37.4,39.7,37.0,38.5,37.3,39.2,38.4,39.1,37.4,39.2,38.7
"경상남도","1~14시간",61,55,63,57,67,48,54,55,71,66,86,68,84,99,94,86,102,89,94,93,101,94,104,92,110,92,102,108,109,93,113,104,127,104,110,101,118,101,110,98,114
"경상남도","15~35시간",230,276,308,234,238,237,315,238,228,303,338,261,255,249,370,288,269,372,327,300,302,321,410,428,326,296,587,461,339,343,500,321,488,467,507,331,338,345,493,328,314
"경상남도","36~52시간",937,935,930,970,918,974,938,1020,982,989,979,1049,1012,1032,929,1034,1006,908,976,984,970,1027,960,958,1024,1086,843,942,1038,1094,942,1081,904,975,919,1071,1041,1104,973,1159,1127
"경상남도","53시간이상",401,416,379,442,441,459,396,395,377,372,324,353,330,343,318,327,292,277,287,293,255,293,246,224,210,261,184,201,194,241,187,241,188,217,191,223,224,219,190,214,209
"제주도","계",345,351,357,367,367,376,376,378,367,371,372,379,375,381,381,389,380,371,378,383,375,388,380,389,393,397,404,413,392,401,405,406,400,403,401,398,397,405,403,406,410
"제주도"," 1-17시간",20,23,24,23,24,21,27,26,32,29,31,26,31,31,36,30,32,30,35,33,38,39,46,32,37,37,40,36,35,38,39,32,39,35,36,31,39,39,42,39,48
"제주도"," 18-35시간",45,61,64,45,52,48,62,43,50,54,73,51,53,57,79,56,59,76,64,64,61,67,76,91,67,74,128,105,71,67,93,72,99,91,107,76,67,68,96,68,69
"제주도"," 36-44시간",97,102,101,118,119,128,127,139,131,133,128,136,137,138,132,148,138,128,137,139,134,137,122,129,145,151,130,152,161,162,142,160,142,152,144,174,170,175,157,184,177
"제주도"," 45-53시간",82,76,75,81,84,93,85,91,80,81,69,85,74,83,71,83,74,61,67,73,71,75,74,78,74,73,55,68,70,75,70,82,66,69,60,66,65,69,58,64,60
"제주도","*36시간미만",64,84,88,68,76,69,89,69,81,83,104,77,85,88,114,86,91,106,99,96,99,106,122,123,105,110,168,141,106,105,132,103,138,126,143,107,106,108,137,107,117
"제주도"," 54시간 이상",91,85,83,92,77,77,66,72,59,68,63,73,69,65,55,64,61,54,63,65,56,59,47,50,55,53,38,44,43,51,50,53,44,48,44,44,44,47,43,45,48
"제주도","*36시간 이상",270,263,259,291,280,298,277,302,270,282,259,294,281,286,257,295,272,242,267,277,261,271,243,257,274,277,224,265,274,288,262,295,252,269,248,283,280,291,257,293,285
"제주도","일시휴직자",10,4,10,8,12,9,10,7,15,5,9,8,10,8,10,8,17,22,12,10,15,11,15,9,14,9,12,7,12,8,11,8,11,7,11,8,11,6,8,7,8
"제주도","주당평균취업시간 (시간)",43.0,42.3,41.2,42.6,41.1,41.9,40.3,41.7,39.0,40.7,39.0,41.0,39.9,40.0,37.9,40.1,38.6,36.8,38.7,39.3,37.8,38.5,36.4,38.1,37.7,38.1,35.2,37.2,37.4,38.4,37.2,39.0,36.6,37.8,36.5,38.0,37.3,38.1,36.7,38.0,37.2
"제주도","1~14시간",15,16,17,16,17,18,19,19,22,21,20,20,24,23,25,23,22,22,26,23,26,27,33,22,28,25,27,23,24,25,27,23,27,22,23,20,27,25,27,22,29
"제주도","15~35시간",50,68,71,52,59,52,70,50,59,62,84,57,61,65,89,63,69,84,73,73,73,79,89,101,77,85,141,118,82,81,106,81,111,104,120,87,79,83,111,85,89
"제주도","36~52시간",178,176,175,198,201,219,210,228,209,213,196,220,211,220,202,231,211,187,203,212,204,211,195,206,218,224,185,220,231,236,212,242,208,221,204,239,236,244,214,247,237
"제주도","53시간이상",92,87,84,94,79,79,68,74,61,69,64,74,70,66,55,64,62,55,64,66,56,60,48,51,56,54,39,45,44,52,50,54,44,48,44,44,44,47,43,46,48
