"시도별","성별",2016.1/4,2016.1/4,2016.1/4,2016.1/4,2016.1/4,2016.1/4,2016.1/4,2016.2/4,2016.2/4,2016.2/4,2016.2/4,2016.2/4,2016.2/4,2016.2/4,2016.3/4,2016.3/4,2016.3/4,2016.3/4,2016.3/4,2016.3/4,2016.3/4,2016.4/4,2016.4/4,2016.4/4,2016.4/4,2016.4/4,2016.4/4,2016.4/4,2017.1/4,2017.1/4,2017.1/4,2017.1/4,2017.1/4,2017.1/4,2017.1/4,2017.2/4,2017.2/4,2017.2/4,2017.2/4,2017.2/4,2017.2/4,2017.2/4,2017.3/4,2017.3/4,2017.3/4,2017.3/4,2017.3/4,2017.3/4,2017.3/4,2017.4/4,2017.4/4,2017.4/4,2017.4/4,2017.4/4,2017.4/4,2017.4/4,2018.1/4,2018.1/4,2018.1/4,2018.1/4,2018.1/4,2018.1/4,2018.1/4,2018.2/4,2018.2/4,2018.2/4,2018.2/4,2018.2/4,2018.2/4,2018.2/4,2018.3/4,2018.3/4,2018.3/4,2018.3/4,2018.3/4,2018.3/4,2018.3/4,2018.4/4,2018.4/4,2018.4/4,2018.4/4,2018.4/4,2018.4/4,2018.4/4,2019.1/4,2019.1/4,2019.1/4,2019.1/4,2019.1/4,2019.1/4,2019.1/4,2019.2/4,2019.2/4,2019.2/4,2019.2/4,2019.2/4,2019.2/4,2019.2/4,2019.3/4,2019.3/4,2019.3/4,2019.3/4,2019.3/4,2019.3/4,2019.3/4,2019.4/4,2019.4/4,2019.4/4,2019.4/4,2019.4/4,2019.4/4,2019.4/4,2020.1/4,2020.1/4,2020.1/4,2020.1/4,2020.1/4,2020.1/4,2020.1/4,2020.2/4,2020.2/4,2020.2/4,2020.2/4,2020.2/4,2020.2/4,2020.2/4,2020.3/4,2020.3/4,2020.3/4,2020.3/4,2020.3/4,2020.3/4,2020.3/4,2020.4/4,2020.4/4,2020.4/4,2020.4/4,2020.4/4,2020.4/4,2020.4/4,2021.1/4,2021.1/4,2021.1/4,2021.1/4,2021.1/4,2021.1/4,2021.1/4,2021.2/4,2021.2/4,2021.2/4,2021.2/4,2021.2/4,2021.2/4,2021.2/4,2021.3/4,2021.3/4,2021.3/4,2021.3/4,2021.3/4,2021.3/4,2021.3/4,2021.4/4,2021.4/4,2021.4/4,2021.4/4,2021.4/4,2021.4/4,2021.4/4,2022.1/4,2022.1/4,2022.1/4,2022.1/4,2022.1/4,2022.1/4,2022.1/4,2022.2/4,2022.2/4,2022.2/4,2022.2/4,2022.2/4,2022.2/4,2022.2/4,2022.3/4,2022.3/4,2022.3/4,2022.3/4,2022.3/4,2022.3/4,2022.3/4,2022.4/4,2022.4/4,2022.4/4,2022.4/4,2022.4/4,2022.4/4,2022.4/4,2023.1/4,2023.1/4,2023.1/4,2023.1/4,2023.1/4,2023.1/4,2023.1/4,2023.2/4,2023.2/4,2023.2/4,2023.2/4,2023.2/4,2023.2/4,2023.2/4,2023.3/4,2023.3/4,2023.3/4,2023.3/4,2023.3/4,2023.3/4,2023.3/4,2023.4/4,2023.4/4,2023.4/4,2023.4/4,2023.4/4,2023.4/4,2023.4/4,2024.1/4,2024.1/4,2024.1/4,2024.1/4,2024.1/4,2024.1/4,2024.1/4,2024.2/4,2024.2/4,2024.2/4,2024.2/4,2024.2/4,2024.2/4,2024.2/4,2024.3/4,2024.3/4,2024.3/4,2024.3/4,2024.3/4,2024.3/4,2024.3/4,2024.4/4,2024.4/4,2024.4/4,2024.4/4,2024.4/4,2024.4/4,2024.4/4,2025.1/4,2025.1/4,2025.1/4,2025.1/4,2025.1/4,2025.1/4,2025.1/4,2025.2/4,2025.2/4,2025.2/4,2025.2/4,2025.2/4,2025.2/4,2025.2/4,2025.3/4,2025.3/4,2025.3/4,2025.3/4,2025.3/4,2025.3/4,2025.3/4,2025.4/4,2025.4/4,2025.4/4,2025.4/4,2025.4/4,2025.4/4,2025.4/4,2026.1/4,2026.1/4,2026.1/4,2026.1/4,2026.1/4,2026.1/4,2026.1/4
"시도별","성별",15세이상인구 (천명),경제활동인구 (천명),비경제활동인구 (천명),경제활동참가율 (%),실업률 (%),고용률 (%),15~64세 고용률 (%),15세이상인구 (천명),경제활동인구 (천명),비경제활동인구 (천명),경제활동참가율 (%),실업률 (%),고용률 (%),15~64세 고용률 (%),15세이상인구 (천명),경제활동인구 (천명),비경제활동인구 (천명),경제활동참가율 (%),실업률 (%),고용률 (%),15~64세 고용률 (%),15세이상인구 (천명),경제활동인구 (천명),비경제활동인구 (천명),경제활동참가율 (%),실업률 (%),고용률 (%),15~64세 고용률 (%),15세이상인구 (천명),경제활동인구 (천명),비경제활동인구 (천명),경제활동참가율 (%),실업률 (%),고용률 (%),15~64세 고용률 (%),15세이상인구 (천명),경제활동인구 (천명),비경제활동인구 (천명),경제활동참가율 (%),실업률 (%),고용률 (%),15~64세 고용률 (%),15세이상인구 (천명),경제활동인구 (천명),비경제활동인구 (천명),경제활동참가율 (%),실업률 (%),고용률 (%),15~64세 고용률 (%),15세이상인구 (천명),경제활동인구 (천명),비경제활동인구 (천명),경제활동참가율 (%),실업률 (%),고용률 (%),15~64세 고용률 (%),15세이상인구 (천명),경제활동인구 (천명),비경제활동인구 (천명),경제활동참가율 (%),실업률 (%),고용률 (%),15~64세 고용률 (%),15세이상인구 (천명),경제활동인구 (천명),비경제활동인구 (천명),경제활동참가율 (%),실업률 (%),고용률 (%),15~64세 고용률 (%),15세이상인구 (천명),경제활동인구 (천명),비경제활동인구 (천명),경제활동참가율 (%),실업률 (%),고용률 (%),15~64세 고용률 (%),15세이상인구 (천명),경제활동인구 (천명),비경제활동인구 (천명),경제활동참가율 (%),실업률 (%),고용률 (%),15~64세 고용률 (%),15세이상인구 (천명),경제활동인구 (천명),비경제활동인구 (천명),경제활동참가율 (%),실업률 (%),고용률 (%),15~64세 고용률 (%),15세이상인구 (천명),경제활동인구 (천명),비경제활동인구 (천명),경제활동참가율 (%),실업률 (%),고용률 (%),15~64세 고용률 (%),15세이상인구 (천명),경제활동인구 (천명),비경제활동인구 (천명),경제활동참가율 (%),실업률 (%),고용률 (%),15~64세 고용률 (%),15세이상인구 (천명),경제활동인구 (천명),비경제활동인구 (천명),경제활동참가율 (%),실업률 (%),고용률 (%),15~64세 고용률 (%),15세이상인구 (천명),경제활동인구 (천명),비경제활동인구 (천명),경제활동참가율 (%),실업률 (%),고용률 (%),15~64세 고용률 (%),15세이상인구 (천명),경제활동인구 (천명),비경제활동인구 (천명),경제활동참가율 (%),실업률 (%),고용률 (%),15~64세 고용률 (%),15세이상인구 (천명),경제활동인구 (천명),비경제활동인구 (천명),경제활동참가율 (%),실업률 (%),고용률 (%),15~64세 고용률 (%),15세이상인구 (천명),경제활동인구 (천명),비경제활동인구 (천명),경제활동참가율 (%),실업률 (%),고용률 (%),15~64세 고용률 (%),15세이상인구 (천명),경제활동인구 (천명),비경제활동인구 (천명),경제활동참가율 (%),실업률 (%),고용률 (%),15~64세 고용률 (%),15세이상인구 (천명),경제활동인구 (천명),비경제활동인구 (천명),경제활동참가율 (%),실업률 (%),고용률 (%),15~64세 고용률 (%),15세이상인구 (천명),경제활동인구 (천명),비경제활동인구 (천명),경제활동참가율 (%),실업률 (%),고용률 (%),15~64세 고용률 (%),15세이상인구 (천명),경제활동인구 (천명),비경제활동인구 (천명),경제활동참가율 (%),실업률 (%),고용률 (%),15~64세 고용률 (%),15세이상인구 (천명),경제활동인구 (천명),비경제활동인구 (천명),경제활동참가율 (%),실업률 (%),고용률 (%),15~64세 고용률 (%),15세이상인구 (천명),경제활동인구 (천명),비경제활동인구 (천명),경제활동참가율 (%),실업률 (%),고용률 (%),15~64세 고용률 (%),15세이상인구 (천명),경제활동인구 (천명),비경제활동인구 (천명),경제활동참가율 (%),실업률 (%),고용률 (%),15~64세 고용률 (%),15세이상인구 (천명),경제활동인구 (천명),비경제활동인구 (천명),경제활동참가율 (%),실업률 (%),고용률 (%),15~64세 고용률 (%),15세이상인구 (천명),경제활동인구 (천명),비경제활동인구 (천명),경제활동참가율 (%),실업률 (%),고용률 (%),15~64세 고용률 (%),15세이상인구 (천명),경제활동인구 (천명),비경제활동인구 (천명),경제활동참가율 (%),실업률 (%),고용률 (%),15~64세 고용률 (%),15세이상인구 (천명),경제활동인구 (천명),비경제활동인구 (천명),경제활동참가율 (%),실업률 (%),고용률 (%),15~64세 고용률 (%),15세이상인구 (천명),경제활동인구 (천명),비경제활동인구 (천명),경제활동참가율 (%),실업률 (%),고용률 (%),15~64세 고용률 (%),15세이상인구 (천명),경제활동인구 (천명),비경제활동인구 (천명),경제활동참가율 (%),실업률 (%),고용률 (%),15~64세 고용률 (%),15세이상인구 (천명),경제활동인구 (천명),비경제활동인구 (천명),경제활동참가율 (%),실업률 (%),고용률 (%),15~64세 고용률 (%),15세이상인구 (천명),경제활동인구 (천명),비경제활동인구 (천명),경제활동참가율 (%),실업률 (%),고용률 (%),15~64세 고용률 (%),15세이상인구 (천명),경제활동인구 (천명),비경제활동인구 (천명),경제활동참가율 (%),실업률 (%),고용률 (%),15~64세 고용률 (%),15세이상인구 (천명),경제활동인구 (천명),비경제활동인구 (천명),경제활동참가율 (%),실업률 (%),고용률 (%),15~64세 고용률 (%),15세이상인구 (천명),경제활동인구 (천명),비경제활동인구 (천명),경제활동참가율 (%),실업률 (%),고용률 (%),15~64세 고용률 (%),15세이상인구 (천명),경제활동인구 (천명),비경제활동인구 (천명),경제활동참가율 (%),실업률 (%),고용률 (%),15~64세 고용률 (%),15세이상인구 (천명),경제활동인구 (천명),비경제활동인구 (천명),경제활동참가율 (%),실업률 (%),고용률 (%),15~64세 고용률 (%),15세이상인구 (천명),경제활동인구 (천명),비경제활동인구 (천명),경제활동참가율 (%),실업률 (%),고용률 (%),15~64세 고용률 (%)
"계","계",43472,26896,16576,61.9,4.3,59.2,65.2,43569,27578,15991,63.3,3.7,60.9,66.2,43652,27702,15950,63.5,3.5,61.2,66.5,43730,27497,16233,62.9,3.2,60.9,66.5,43818,27262,16556,62.2,4.3,59.6,65.8,43899,27993,15906,63.8,3.8,61.3,66.9,43967,27961,16006,63.6,3.4,61.4,67.0,44038,27775,16263,63.1,3.2,61.0,66.9,44088,27464,16624,62.3,4.3,59.6,66.0,44141,28125,16017,63.7,3.9,61.2,66.9,44212,28080,16131,63.5,3.8,61.1,66.7,44287,27912,16375,63.0,3.4,60.9,66.8,44370,27702,16668,62.4,4.5,59.6,66.0,44466,28432,16034,63.9,4.1,61.3,66.9,44550,28328,16222,63.6,3.3,61.5,67.1,44629,28283,16346,63.4,3.1,61.4,67.3,44692,27911,16781,62.5,4.2,59.9,66.1,44752,28075,16677,62.7,4.4,60.0,65.6,44812,28068,16744,62.6,3.6,60.4,65.9,44884,27995,16889,62.4,3.7,60.0,65.8,44987,27748,17239,61.7,5.0,58.6,64.9,45048,28596,16452,63.5,3.9,61.0,66.7,45106,28451,16655,63.1,2.8,61.3,67.1,45178,28445,16734,63.0,2.9,61.1,67.4,45211,28360,16851,62.7,3.5,60.5,67.4,45242,29227,16015,64.6,3.0,62.7,68.9,45271,29143,16128,64.4,2.5,62.8,69.0,45317,28957,16360,63.9,2.6,62.3,68.8,45358,28685,16673,63.2,3.2,61.2,68.2,45378,29493,15886,65.0,2.7,63.2,69.6,45415,29368,16047,64.7,2.3,63.2,69.6,45478,29267,16210,64.4,2.6,62.7,69.5,45523,29020,16503,63.7,3.3,61.6,68.8,45544,29714,15830,65.2,2.9,63.3,69.8,45585,29474,16111,64.7,2.2,63.3,69.8,45630,29386,16244,64.4,2.8,62.6,69.7,45692,29196,16497,63.9,3.4,61.8,69.0,45732,29890,15843,65.4,2.8,63.5,70.2,45778,29700,16078,64.9,2.2,63.5,70.2,45847,29610,16237,64.6,2.9,62.7,70.0,45935,29427,16508,64.1,3.5,61.8,69.3
"계","남자",21334,15607,5726,73.2,4.3,70.0,75.0,21383,15897,5486,74.3,3.8,71.5,76.0,21423,15981,5442,74.6,3.7,71.8,76.3,21464,15858,5606,73.9,3.2,71.5,76.3,21515,15763,5752,73.3,4.2,70.2,75.5,21558,16102,5457,74.7,4.0,71.7,76.6,21590,16065,5525,74.4,3.7,71.7,76.6,21629,15971,5658,73.8,3.4,71.3,76.4,21650,15850,5800,73.2,4.2,70.1,75.6,21673,16102,5571,74.3,4.1,71.3,76.2,21714,16059,5654,74.0,3.9,71.1,76.0,21758,15997,5761,73.5,3.6,70.9,76.0,21806,15920,5886,73.0,4.4,69.8,75.1,21865,16210,5655,74.1,4.3,70.9,75.7,21914,16122,5792,73.6,3.5,71.0,75.9,21960,16106,5854,73.3,3.3,70.9,76.1,21990,15958,6032,72.6,4.0,69.6,75.0,22016,16052,5965,72.9,4.4,69.7,74.6,22046,16024,6022,72.7,3.6,70.1,74.9,22089,15987,6102,72.4,3.6,69.8,74.7,22159,15905,6254,71.8,4.6,68.5,73.8,22183,16248,5935,73.2,3.9,70.4,75.4,22206,16155,6051,72.8,2.9,70.6,75.5,22245,16187,6058,72.8,2.8,70.7,76.0,22251,16155,6096,72.6,3.2,70.3,76.0,22262,16525,5737,74.2,2.9,72.1,77.3,22273,16469,5804,73.9,2.4,72.1,77.3,22303,16354,5950,73.3,2.4,71.5,76.9,22334,16177,6157,72.4,3.0,70.3,76.0,22345,16507,5838,73.9,2.7,71.9,77.2,22364,16450,5914,73.6,2.3,71.8,77.3,22405,16410,5995,73.2,2.5,71.4,77.1,22433,16270,6164,72.5,3.2,70.2,76.3,22441,16539,5902,73.7,3.1,71.4,77.1,22467,16368,6099,72.9,2.2,71.2,77.0,22496,16325,6171,72.6,2.6,70.7,76.7,22539,16239,6300,72.1,3.2,69.8,76.0,22557,16563,5994,73.4,3.0,71.2,76.9,22579,16433,6146,72.8,2.4,71.0,76.8,22624,16398,6226,72.5,2.7,70.5,76.5,22687,16301,6386,71.9,3.3,69.5,75.7
"계","여자",22139,11289,10850,51.0,4.2,48.8,55.2,22186,11682,10505,52.7,3.6,50.8,56.3,22229,11722,10508,52.7,3.3,51.0,56.6,22266,11639,10627,52.3,3.2,50.6,56.5,22303,11499,10804,51.6,4.4,49.3,55.9,22341,11891,10450,53.2,3.7,51.3,57.0,22376,11896,10481,53.2,3.2,51.5,57.2,22409,11804,10605,52.7,2.9,51.1,57.2,22439,11614,10825,51.8,4.4,49.5,56.4,22468,12022,10445,53.5,3.8,51.5,57.4,22498,12021,10477,53.4,3.6,51.5,57.4,22530,11916,10614,52.9,3.1,51.2,57.5,22564,11782,10782,52.2,4.5,49.9,56.7,22601,12222,10379,54.1,3.9,52.0,58.0,22636,12206,10430,53.9,3.1,52.2,58.2,22669,12177,10492,53.7,3.0,52.1,58.3,22702,11953,10749,52.7,4.3,50.4,57.0,22736,12024,10712,52.9,4.4,50.6,56.4,22766,12044,10722,52.9,3.6,51.0,56.7,22795,12008,10787,52.7,3.9,50.6,56.7,22828,11843,10986,51.9,5.4,49.1,55.8,22865,12348,10517,54.0,4.0,51.9,57.9,22900,12296,10604,53.7,2.7,52.2,58.4,22934,12258,10676,53.4,3.1,51.8,58.6,22959,12204,10755,53.2,3.9,51.1,58.6,22980,12702,10278,55.3,3.2,53.5,60.3,22998,12674,10324,55.1,2.5,53.7,60.5,23014,12603,10411,54.8,2.7,53.3,60.5,23024,12507,10517,54.3,3.5,52.4,60.1,23033,12986,10047,56.4,2.7,54.9,61.8,23051,12918,10133,56.0,2.3,54.7,61.7,23073,12858,10216,55.7,2.6,54.3,61.8,23089,12750,10339,55.2,3.5,53.3,61.1,23103,13175,9929,57.0,2.8,55.4,62.4,23118,13107,10011,56.7,2.1,55.5,62.5,23134,13061,10073,56.5,3.0,54.8,62.5,23154,12957,10197,56.0,3.6,54.0,61.9,23176,13327,9849,57.5,2.6,56.0,63.3,23199,13268,9931,57.2,2.0,56.1,63.4,23223,13212,10011,56.9,3.0,55.2,63.2,23248,13126,10122,56.5,3.7,54.4,62.7
"서울특별시","계",8599,5347,3252,62.2,4.7,59.3,65.1,8586,5375,3211,62.6,4.2,60.0,65.8,8576,5381,3195,62.7,4.1,60.2,65.9,8570,5385,3186,62.8,3.9,60.4,66.2,8566,5368,3198,62.7,4.9,59.6,65.7,8561,5414,3147,63.2,4.5,60.4,66.5,8553,5432,3121,63.5,4.5,60.7,66.8,8546,5370,3176,62.8,4.2,60.2,66.4,8538,5355,3182,62.7,5.1,59.5,66.0,8530,5376,3155,63.0,5.0,59.9,66.2,8516,5332,3184,62.6,4.9,59.6,66.0,8498,5275,3223,62.1,4.1,59.5,65.9,8485,5252,3233,61.9,5.3,58.6,65.2,8476,5355,3121,63.2,4.8,60.1,66.3,8474,5357,3117,63.2,4.0,60.7,67.0,8476,5313,3163,62.7,3.5,60.5,66.8,8491,5308,3183,62.5,4.5,59.7,66.4,8515,5304,3211,62.3,5.3,59.0,65.6,8526,5270,3255,61.8,4.0,59.3,65.9,8532,5288,3244,62.0,4.4,59.2,65.9,8540,5284,3256,61.9,6.1,58.1,65.3,8538,5358,3180,62.8,5.2,59.5,66.7,8531,5290,3241,62.0,4.0,59.5,66.9,8524,5317,3207,62.4,4.0,59.9,67.4,8503,5292,3210,62.2,4.4,59.5,67.4,8464,5326,3138,62.9,3.6,60.7,68.7,8448,5282,3166,62.5,2.8,60.8,68.8,8447,5278,3169,62.5,2.9,60.7,68.7,8458,5256,3203,62.1,3.0,60.3,68.5,8470,5344,3126,63.1,2.8,61.3,69.6,8473,5319,3154,62.8,2.5,61.2,69.6,8475,5359,3116,63.2,2.7,61.5,70.2,8476,5383,3094,63.5,3.2,61.5,70.4,8470,5439,3031,64.2,3.5,62.0,70.6,8468,5372,3096,63.4,2.5,61.8,70.5,8467,5377,3091,63.5,3.0,61.6,70.2,8461,5353,3108,63.3,4.5,60.4,69.0,8445,5421,3025,64.2,3.7,61.8,70.2,8442,5393,3049,63.9,2.5,62.3,70.8,8449,5349,3100,63.3,2.8,61.6,70.0,8455,5324,3131,63.0,3.5,60.8,69.3
"서울특별시","남자",4128,2987,1142,72.3,4.6,69.0,74.5,4120,2993,1126,72.7,4.1,69.6,75.2,4112,3010,1103,73.2,4.2,70.1,75.5,4108,3001,1106,73.1,3.8,70.3,75.7,4105,2991,1114,72.9,5.0,69.3,75.0,4100,3000,1100,73.2,4.7,69.8,75.6,4094,2996,1098,73.2,4.9,69.6,75.6,4089,2965,1125,72.5,4.1,69.5,75.6,4082,2959,1123,72.5,5.1,68.8,75.0,4076,2958,1119,72.6,5.2,68.8,74.9,4068,2912,1156,71.6,5.0,68.0,74.0,4058,2883,1174,71.1,4.1,68.1,73.9,4049,2891,1159,71.4,5.3,67.6,73.6,4044,2937,1107,72.6,5.2,68.8,74.6,4041,2929,1113,72.5,4.2,69.5,75.3,4040,2871,1169,71.1,3.6,68.5,74.6,4045,2863,1182,70.8,4.2,67.8,74.0,4054,2882,1172,71.1,4.9,67.6,73.7,4057,2861,1195,70.5,3.7,67.9,74.0,4059,2870,1189,70.7,4.2,67.7,73.9,4063,2873,1190,70.7,5.6,66.7,73.4,4059,2894,1164,71.3,4.9,67.8,74.5,4052,2848,1204,70.3,4.1,67.4,73.9,4047,2873,1174,71.0,4.3,67.9,74.5,4038,2866,1172,71.0,4.4,67.8,74.5,4017,2879,1138,71.7,3.7,69.0,76.1,4008,2840,1168,70.9,2.8,68.9,76.0,4007,2843,1164,70.9,2.8,68.9,76.1,4014,2802,1212,69.8,2.6,68.0,75.4,4018,2857,1161,71.1,2.6,69.3,76.5,4019,2850,1169,70.9,2.3,69.3,76.8,4020,2866,1153,71.3,2.7,69.4,77.1,4020,2861,1159,71.2,3.3,68.8,76.8,4013,2885,1128,71.9,4.0,69.1,76.8,4010,2852,1159,71.1,2.5,69.3,77.2,4009,2837,1171,70.8,2.8,68.8,76.5,4004,2830,1174,70.7,4.1,67.8,75.4,3993,2857,1135,71.6,4.0,68.7,76.0,3988,2823,1165,70.8,2.8,68.8,76.0,3991,2792,1199,70.0,2.8,68.0,75.1,3994,2752,1242,68.9,3.2,66.7,74.0
"서울특별시","여자",4471,2361,2110,52.8,4.7,50.3,56.2,4466,2382,2085,53.3,4.3,51.0,56.8,4464,2371,2092,53.1,3.9,51.0,56.8,4463,2383,2080,53.4,3.9,51.3,57.3,4462,2377,2084,53.3,4.9,50.7,56.8,4461,2413,2047,54.1,4.2,51.8,57.9,4459,2436,2023,54.6,4.0,52.5,58.6,4457,2405,2052,54.0,4.3,51.6,57.8,4455,2396,2059,53.8,5.1,51.0,57.6,4454,2418,2036,54.3,4.8,51.7,58.1,4448,2420,2028,54.4,4.7,51.9,58.4,4440,2392,2048,53.9,4.0,51.7,58.4,4436,2361,2075,53.2,5.3,50.4,57.3,4432,2418,2015,54.6,4.3,52.2,58.6,4433,2428,2005,54.8,3.7,52.7,59.2,4436,2443,1993,55.1,3.3,53.3,59.6,4446,2445,2001,55.0,4.8,52.3,59.3,4461,2422,2039,54.3,5.8,51.2,58.0,4469,2409,2060,53.9,4.4,51.6,58.2,4474,2418,2055,54.1,4.6,51.5,58.3,4477,2410,2066,53.8,6.7,50.2,57.7,4479,2464,2015,55.0,5.5,52.0,59.4,4479,2442,2037,54.5,3.9,52.4,60.3,4477,2444,2033,54.6,3.7,52.6,60.8,4465,2427,2038,54.4,4.4,52.0,60.8,4447,2447,2000,55.0,3.5,53.1,61.8,4441,2442,1999,55.0,2.9,53.4,62.1,4440,2436,2005,54.8,2.9,53.3,61.9,4445,2454,1991,55.2,3.6,53.2,62.1,4451,2486,1965,55.9,3.0,54.2,63.1,4454,2469,1985,55.4,2.7,53.9,62.9,4456,2492,1963,55.9,2.6,54.5,63.7,4456,2522,1935,56.6,3.0,54.9,64.4,4457,2554,1903,57.3,3.0,55.6,64.8,4458,2521,1937,56.5,2.5,55.1,64.3,4459,2539,1920,56.9,3.2,55.1,64.4,4457,2523,1934,56.6,4.9,53.8,63.0,4453,2563,1889,57.6,3.4,55.6,64.9,4454,2570,1884,57.7,2.1,56.5,65.9,4458,2557,1901,57.4,2.8,55.8,65.2,4461,2572,1889,57.7,3.8,55.5,65.0
"부산광역시","계",3001,1759,1243,58.6,4.6,55.9,62.8,3003,1759,1244,58.6,3.8,56.3,62.5,3001,1754,1247,58.4,3.8,56.2,62.4,2999,1746,1252,58.2,3.4,56.3,62.8,2996,1758,1238,58.7,4.8,55.9,62.9,2994,1785,1209,59.6,4.8,56.8,63.8,2990,1769,1221,59.2,4.6,56.4,63.5,2987,1750,1237,58.6,4.1,56.2,63.3,2982,1734,1248,58.2,5.0,55.2,62.8,2977,1737,1240,58.4,4.3,55.8,62.9,2973,1716,1257,57.7,4.1,55.4,62.4,2968,1727,1242,58.2,3.2,56.3,63.7,2964,1726,1239,58.2,4.8,55.4,63.3,2962,1745,1216,58.9,4.2,56.5,63.9,2958,1743,1215,58.9,3.0,57.2,64.7,2955,1749,1206,59.2,3.1,57.4,65.1,2952,1723,1229,58.4,4.1,55.9,63.7,2949,1701,1248,57.7,5.1,54.8,61.9,2947,1712,1234,58.1,4.0,55.8,62.9,2945,1710,1235,58.1,3.5,56.0,63.2,2948,1695,1253,57.5,4.5,54.9,62.5,2951,1730,1221,58.6,3.5,56.6,64.2,2950,1727,1222,58.6,2.6,57.0,64.7,2948,1708,1240,57.9,2.8,56.3,64.0,2947,1703,1244,57.8,3.4,55.8,64.2,2941,1731,1209,58.9,2.9,57.2,65.2,2936,1744,1192,59.4,2.7,57.8,66.0,2933,1741,1192,59.3,2.8,57.7,66.2,2934,1736,1198,59.2,3.3,57.2,66.0,2931,1757,1174,59.9,3.4,57.9,66.4,2929,1751,1178,59.8,2.6,58.2,67.1,2928,1740,1188,59.4,3.2,57.5,66.6,2925,1738,1188,59.4,3.6,57.3,66.6,2922,1745,1176,59.7,3.1,57.9,66.5,2918,1744,1174,59.8,2.4,58.3,67.2,2915,1731,1184,59.4,2.8,57.7,67.2,2913,1734,1178,59.5,3.6,57.4,66.9,2909,1758,1151,60.4,2.5,58.9,68.3,2906,1742,1163,60.0,2.1,58.7,68.4,2903,1748,1155,60.2,2.8,58.5,68.7,2903,1740,1163,59.9,3.3,57.9,68.6
"부산광역시","남자",1447,996,452,68.8,4.8,65.5,71.7,1448,1000,448,69.1,4.2,66.2,71.8,1446,1001,445,69.2,4.3,66.3,71.7,1445,998,447,69.1,3.5,66.7,72.5,1444,996,448,69.0,4.3,66.0,72.6,1442,1010,432,70.1,4.7,66.8,73.5,1440,1013,427,70.4,4.5,67.2,73.9,1438,1001,437,69.6,4.1,66.8,73.5,1435,994,442,69.2,4.9,65.9,72.9,1432,985,447,68.8,4.5,65.7,72.5,1430,966,464,67.5,5.0,64.2,70.9,1428,971,457,68.0,3.6,65.5,72.5,1426,966,460,67.7,4.6,64.6,71.6,1425,971,454,68.1,4.4,65.1,71.9,1423,960,464,67.4,2.8,65.5,72.4,1421,957,464,67.4,3.2,65.2,72.1,1419,947,471,66.8,4.1,64.0,70.8,1416,944,472,66.7,5.6,62.9,69.2,1414,958,456,67.8,4.1,65.0,71.4,1413,955,458,67.6,3.6,65.1,71.6,1415,943,472,66.6,4.2,63.9,70.6,1415,964,451,68.1,3.8,65.5,72.3,1414,964,450,68.2,3.0,66.2,72.8,1412,948,465,67.1,2.8,65.2,71.6,1414,946,468,66.9,3.3,64.7,71.7,1410,964,446,68.4,3.0,66.3,73.3,1407,975,433,69.3,3.0,67.2,74.9,1405,968,437,68.9,2.6,67.1,75.3,1408,969,439,68.8,3.3,66.6,75.0,1406,978,428,69.6,3.2,67.4,75.5,1404,978,426,69.6,2.0,68.3,77.2,1403,970,433,69.1,2.5,67.4,76.2,1401,962,440,68.6,3.2,66.5,75.2,1399,960,440,68.6,3.0,66.5,74.9,1398,950,447,68.0,2.1,66.5,75.3,1396,944,452,67.6,2.3,66.1,75.1,1395,943,452,67.6,3.1,65.5,75.0,1393,953,439,68.4,2.3,66.9,76.3,1390,948,442,68.2,2.0,66.8,76.3,1389,953,436,68.6,2.9,66.6,75.7,1390,939,451,67.5,3.3,65.3,74.7
"부산광역시","여자",1554,763,791,49.1,4.3,47.0,54.2,1555,759,796,48.8,3.3,47.2,53.5,1555,753,802,48.4,3.1,46.9,53.4,1554,748,806,48.1,3.1,46.6,53.4,1553,762,791,49.1,5.5,46.4,53.5,1552,775,777,49.9,5.0,47.5,54.4,1550,755,795,48.7,4.6,46.5,53.3,1549,749,800,48.3,4.2,46.3,53.4,1547,741,806,47.9,5.2,45.4,52.9,1545,752,793,48.7,4.1,46.7,53.5,1543,750,793,48.6,2.9,47.2,54.1,1540,756,785,49.1,2.5,47.8,55.1,1538,760,778,49.4,5.0,46.9,55.2,1537,774,762,50.4,3.9,48.4,56.1,1535,784,751,51.1,3.2,49.4,57.2,1534,792,742,51.6,2.9,50.1,58.2,1533,775,758,50.6,4.1,48.5,56.8,1533,758,776,49.4,4.4,47.2,54.8,1533,754,779,49.2,4.0,47.3,54.6,1532,755,777,49.3,3.5,47.6,55.1,1534,752,781,49.0,5.0,46.6,54.7,1536,767,769,49.9,3.1,48.4,56.5,1536,764,773,49.7,2.2,48.6,56.7,1536,760,776,49.5,2.9,48.1,56.6,1533,758,776,49.4,3.5,47.7,56.8,1531,768,763,50.2,2.8,48.7,57.2,1529,770,759,50.3,2.4,49.1,57.4,1527,772,755,50.6,3.0,49.0,57.3,1526,767,759,50.3,3.2,48.6,57.2,1525,779,746,51.1,3.8,49.2,57.4,1525,774,751,50.7,3.5,49.0,57.2,1525,770,755,50.5,4.1,48.4,57.2,1524,776,748,50.9,4.1,48.8,58.1,1522,786,737,51.6,3.2,50.0,58.4,1521,794,727,52.2,2.8,50.7,59.2,1519,787,733,51.8,3.4,50.0,59.5,1518,791,727,52.1,4.3,49.9,59.0,1517,805,712,53.1,2.8,51.6,60.5,1515,794,721,52.4,2.3,51.2,60.6,1514,795,719,52.5,2.6,51.2,61.8,1513,801,711,53.0,3.4,51.2,62.6
"대구광역시","계",2101,1286,815,61.2,5.1,58.1,64.2,2102,1309,793,62.3,4.3,59.6,65.2,2103,1312,791,62.4,3.7,60.1,65.9,2104,1297,807,61.6,3.5,59.5,65.7,2106,1295,811,61.5,4.6,58.7,65.3,2107,1304,803,61.9,4.1,59.3,65.4,2108,1285,823,61.0,3.4,58.9,65.0,2109,1279,830,60.7,3.9,58.3,64.4,2108,1257,851,59.6,4.9,56.7,62.9,2106,1300,807,61.7,5.0,58.6,64.4,2106,1294,812,61.4,4.3,58.8,64.7,2105,1277,828,60.7,3.2,58.7,64.9,2105,1256,849,59.7,4.1,57.2,63.7,2105,1283,822,61.0,4.3,58.3,64.4,2104,1272,832,60.4,3.5,58.3,64.5,2103,1254,849,59.6,2.8,57.9,64.2,2098,1217,881,58.0,3.9,55.7,62.1,2092,1216,876,58.1,4.4,55.6,61.5,2088,1243,845,59.6,3.5,57.5,63.7,2086,1252,834,60.0,3.7,57.8,64.6,2089,1248,841,59.7,5.1,56.7,63.6,2091,1285,807,61.4,4.3,58.8,66.0,2091,1268,822,60.7,2.9,58.9,66.2,2089,1258,831,60.2,2.6,58.6,66.3,2085,1257,829,60.3,3.3,58.3,66.3,2077,1272,805,61.3,3.1,59.3,67.0,2073,1270,803,61.3,2.5,59.8,67.4,2072,1261,811,60.9,2.8,59.1,66.9,2075,1269,806,61.1,3.9,58.8,66.9,2075,1305,770,62.9,3.1,61.0,68.7,2096,1296,800,61.8,2.4,60.3,68.3,2096,1274,822,60.8,2.9,59.0,67.3,2097,1264,833,60.3,4.1,57.8,65.9,2096,1273,823,60.7,3.6,58.5,66.1,2096,1250,847,59.6,2.8,58.0,65.3,2095,1247,848,59.5,3.2,57.6,65.3,2095,1245,851,59.4,3.5,57.3,65.3,2094,1268,827,60.5,3.4,58.5,66.0,2094,1249,845,59.6,2.6,58.1,65.4,2095,1259,836,60.1,3.6,58.0,66.1,2098,1251,847,59.6,3.8,57.3,65.7
"대구광역시","남자",1020,745,275,73.0,4.7,69.6,74.2,1020,748,272,73.3,4.5,70.0,74.4,1020,740,280,72.5,4.1,69.6,74.3,1020,731,290,71.6,4.0,68.7,73.8,1022,732,290,71.6,5.0,68.0,73.5,1022,727,295,71.1,4.2,68.1,73.4,1022,712,310,69.7,3.3,67.4,72.5,1023,715,308,69.9,4.1,67.0,72.0,1022,702,320,68.7,4.9,65.4,70.0,1020,723,297,70.9,5.8,66.7,71.2,1020,718,303,70.3,4.6,67.1,71.9,1020,714,306,70.0,3.9,67.3,72.4,1020,713,307,69.9,4.4,66.9,71.9,1021,724,296,71.0,4.6,67.7,72.7,1020,716,304,70.2,3.5,67.8,73.1,1019,716,303,70.3,2.9,68.2,73.6,1016,700,316,68.9,4.0,66.1,71.6,1012,701,311,69.3,4.4,66.2,71.4,1009,713,297,70.6,3.2,68.4,74.2,1008,711,297,70.5,3.7,68.0,74.0,1011,711,300,70.4,5.0,66.8,73.0,1011,726,285,71.8,4.3,68.7,74.8,1010,717,293,71.0,3.1,68.8,74.7,1009,709,300,70.3,2.4,68.6,74.8,1008,709,299,70.3,2.5,68.6,75.3,1004,715,289,71.2,2.6,69.3,75.6,1002,711,291,71.0,2.3,69.3,75.3,1001,707,295,70.6,2.8,68.6,74.6,1004,707,297,70.4,3.6,67.9,74.7,1004,724,279,72.2,2.9,70.0,76.6,1014,725,289,71.5,2.7,69.6,76.5,1014,721,293,71.1,2.9,69.1,76.0,1014,717,297,70.7,4.1,67.8,74.6,1013,711,302,70.2,3.5,67.7,74.1,1013,693,320,68.4,2.6,66.7,72.8,1013,689,324,68.0,3.2,65.9,72.1,1013,681,332,67.2,3.9,64.6,70.9,1012,691,321,68.3,4.1,65.5,71.4,1012,676,335,66.9,3.5,64.5,70.3,1012,682,330,67.4,4.2,64.6,70.6,1014,678,335,66.9,3.7,64.4,71.1
"대구광역시","여자",1081,541,540,50.0,5.6,47.3,54.3,1082,561,521,51.9,4.1,49.8,56.2,1083,572,511,52.8,3.2,51.1,57.7,1084,566,518,52.2,2.9,50.7,57.7,1084,563,521,51.9,4.0,49.9,57.2,1085,577,508,53.2,4.0,51.1,57.5,1086,573,513,52.7,3.5,50.9,57.5,1086,564,522,51.9,3.7,50.0,56.9,1086,555,531,51.1,4.9,48.6,55.8,1086,577,509,53.1,4.0,51.0,57.7,1086,576,509,53.1,3.9,51.0,57.6,1085,563,522,51.9,2.4,50.7,57.5,1085,543,542,50.0,3.9,48.1,55.5,1085,559,526,51.5,4.0,49.5,56.2,1084,556,529,51.2,3.5,49.4,56.0,1083,537,546,49.6,2.7,48.3,54.8,1082,517,565,47.8,3.8,45.9,52.7,1080,515,565,47.7,4.3,45.6,51.8,1078,530,548,49.2,3.9,47.2,53.4,1077,541,537,50.2,3.7,48.3,55.3,1078,537,542,49.7,5.2,47.2,54.4,1080,559,522,51.7,4.4,49.4,57.3,1081,551,529,51.0,2.7,49.6,57.8,1080,548,532,50.8,2.9,49.3,57.8,1077,547,530,50.8,4.3,48.6,57.4,1073,557,516,51.9,3.8,50.0,58.5,1071,560,512,52.2,2.7,50.8,59.6,1071,555,516,51.8,2.8,50.3,59.2,1071,562,509,52.4,4.2,50.2,59.1,1072,581,490,54.2,3.2,52.5,60.9,1082,571,511,52.8,2.2,51.7,60.1,1082,553,529,51.1,2.9,49.6,58.6,1083,547,536,50.5,4.2,48.4,57.3,1083,562,521,51.9,3.7,49.9,58.1,1083,556,527,51.4,3.0,49.8,57.8,1083,558,525,51.5,3.1,49.9,58.5,1082,563,519,52.0,3.0,50.5,59.7,1082,576,506,53.2,2.5,51.9,60.8,1083,573,510,52.9,1.6,52.0,60.6,1083,577,506,53.3,2.9,51.8,61.6,1084,573,511,52.8,4.0,50.7,60.3
"인천광역시","계",2450,1580,870,64.5,5.4,61.0,66.7,2458,1613,845,65.6,5.2,62.2,67.4,2465,1611,854,65.4,4.7,62.3,67.6,2471,1588,883,64.3,4.2,61.6,67.1,2477,1594,883,64.3,5.6,60.7,66.7,2483,1618,865,65.2,4.8,62.0,67.7,2488,1606,882,64.5,4.3,61.7,67.3,2493,1612,881,64.7,3.9,62.1,67.7,2496,1630,867,65.3,4.8,62.1,68.2,2499,1655,844,66.2,4.5,63.3,68.7,2505,1645,860,65.7,4.0,63.1,68.6,2511,1648,864,65.6,3.7,63.2,69.0,2519,1638,880,65.0,4.9,61.9,68.2,2526,1669,858,66.1,4.6,63.0,68.7,2532,1653,879,65.3,4.1,62.6,68.2,2537,1651,886,65.1,3.8,62.6,68.3,2540,1628,913,64.1,4.6,61.1,67.0,2542,1641,901,64.5,4.9,61.4,66.7,2545,1636,909,64.3,4.1,61.7,67.0,2548,1632,916,64.0,4.7,61.1,66.9,2550,1619,930,63.5,5.4,60.1,66.4,2547,1654,893,64.9,4.8,61.8,67.6,2547,1627,921,63.9,3.2,61.8,67.5,2550,1615,935,63.3,2.7,61.6,68.1,2559,1624,935,63.5,3.8,61.0,68.0,2570,1674,896,65.1,3.6,62.8,69.5,2580,1688,893,65.4,2.9,63.5,70.0,2591,1693,898,65.3,3.1,63.3,70.1,2605,1688,917,64.8,4.5,61.9,68.6,2618,1716,901,65.6,3.1,63.5,69.9,2629,1727,902,65.7,2.5,64.0,70.1,2640,1704,936,64.5,2.6,62.9,69.1,2653,1723,930,64.9,4.0,62.3,68.6,2665,1751,915,65.7,3.5,63.4,69.6,2677,1763,914,65.9,2.2,64.4,70.9,2688,1776,912,66.1,3.3,63.9,70.7,2697,1759,939,65.2,3.6,62.9,69.9,2705,1783,922,65.9,3.3,63.8,70.0,2715,1773,942,65.3,2.4,63.7,69.8,2727,1777,949,65.2,3.7,62.8,69.4,2740,1775,965,64.8,3.7,62.4,69.2
"인천광역시","남자",1209,923,286,76.3,5.8,71.9,77.0,1213,935,278,77.1,5.8,72.6,77.3,1216,939,277,77.2,5.0,73.3,78.2,1219,930,289,76.3,4.1,73.2,78.2,1222,928,294,75.9,6.1,71.3,76.5,1225,949,277,77.4,5.2,73.4,78.2,1228,941,287,76.6,5.2,72.6,77.4,1231,930,300,75.6,4.7,72.1,76.9,1232,936,296,76.0,4.7,72.4,77.6,1233,952,282,77.2,4.4,73.8,78.3,1236,941,295,76.1,4.3,72.9,77.5,1240,942,298,75.9,3.7,73.1,77.9,1244,936,308,75.2,5.1,71.4,76.4,1248,947,302,75.8,4.6,72.4,77.1,1252,939,313,75.0,3.9,72.1,76.7,1255,940,315,74.9,3.9,72.0,76.8,1256,930,326,74.1,4.2,71.0,75.9,1257,938,319,74.6,4.6,71.2,75.9,1258,932,326,74.1,4.2,71.0,75.5,1260,926,334,73.5,4.7,70.0,74.9,1261,925,336,73.3,5.5,69.3,74.7,1259,945,314,75.1,5.2,71.2,76.1,1259,936,322,74.4,3.6,71.7,76.4,1260,934,326,74.1,2.5,72.3,77.9,1264,939,326,74.2,3.6,71.6,77.5,1270,959,311,75.5,3.5,72.9,78.2,1275,962,313,75.5,2.7,73.4,78.7,1281,954,327,74.5,3.4,72.0,77.5,1289,957,332,74.3,4.6,70.9,76.7,1295,971,324,75.0,3.1,72.7,77.8,1301,979,322,75.3,2.4,73.4,78.2,1307,966,341,73.9,2.3,72.2,77.2,1313,976,337,74.3,3.6,71.7,76.8,1319,981,337,74.4,3.6,71.8,77.0,1325,978,347,73.8,2.1,72.2,77.8,1331,994,337,74.7,3.3,72.2,77.8,1335,990,345,74.1,3.6,71.4,77.4,1338,1005,333,75.1,3.3,72.7,77.7,1343,1001,342,74.6,2.2,72.9,78.1,1350,1010,340,74.8,3.5,72.2,77.7,1357,1010,347,74.4,3.6,71.7,77.5
"인천광역시","여자",1242,658,584,53.0,4.9,50.4,56.3,1246,678,567,54.5,4.2,52.2,57.3,1249,673,576,53.9,4.2,51.6,56.8,1252,658,594,52.6,4.4,50.3,55.8,1255,666,589,53.0,5.0,50.4,56.8,1257,669,589,53.2,4.2,51.0,57.0,1260,665,595,52.8,3.1,51.1,57.0,1263,682,581,54.0,2.8,52.5,58.4,1264,694,571,54.9,5.0,52.1,58.7,1266,704,562,55.6,4.5,53.1,58.9,1269,704,565,55.5,3.6,53.5,59.6,1272,706,565,55.5,3.8,53.5,60.0,1275,703,572,55.1,4.6,52.6,59.8,1278,722,556,56.5,4.6,53.9,60.1,1281,714,567,55.8,4.4,53.3,59.4,1283,711,571,55.5,3.8,53.4,59.7,1284,697,587,54.3,5.1,51.5,57.9,1286,703,582,54.7,5.3,51.8,57.4,1287,704,583,54.7,3.9,52.5,58.3,1288,706,582,54.8,4.6,52.3,58.7,1288,694,594,53.9,5.3,51.0,58.0,1288,709,579,55.1,4.3,52.7,59.0,1289,690,598,53.6,2.6,52.2,58.5,1290,681,609,52.8,3.2,51.1,58.1,1294,685,609,52.9,4.2,50.7,58.3,1300,715,585,55.0,3.6,53.0,60.5,1305,726,580,55.6,3.2,53.8,61.2,1310,739,572,56.4,2.7,54.8,62.5,1316,731,585,55.6,4.3,53.1,60.2,1322,745,577,56.3,3.1,54.6,61.8,1328,748,580,56.4,2.7,54.8,61.7,1334,739,595,55.4,3.1,53.7,60.9,1340,747,593,55.7,4.6,53.1,60.2,1346,769,577,57.1,3.4,55.2,62.0,1352,786,566,58.1,2.4,56.7,63.9,1358,783,575,57.7,3.2,55.8,63.4,1362,769,593,56.5,3.6,54.4,62.2,1367,778,589,56.9,3.3,55.0,62.1,1372,771,600,56.2,2.6,54.8,61.3,1377,768,609,55.8,4.0,53.5,60.9,1382,765,618,55.3,3.7,53.2,60.5
"광주광역시","계",1256,746,510,59.4,3.3,57.4,62.4,1257,757,501,60.2,2.9,58.4,62.8,1258,758,500,60.3,3.3,58.3,62.6,1258,752,507,59.8,2.8,58.1,62.5,1259,754,506,59.8,2.6,58.3,63.4,1260,773,487,61.4,3.5,59.2,63.7,1260,770,490,61.1,2.9,59.3,64.0,1260,767,494,60.8,2.4,59.4,64.1,1260,774,486,61.4,4.2,58.9,64.5,1261,782,479,62.0,3.9,59.6,64.6,1261,782,480,62.0,3.9,59.5,64.5,1262,776,486,61.5,3.1,59.6,64.9,1263,776,487,61.4,4.7,58.5,64.6,1264,780,484,61.7,4.0,59.2,64.1,1265,777,488,61.4,3.3,59.4,64.1,1267,781,486,61.7,2.8,59.9,65.0,1270,775,495,61.0,3.7,58.8,64.3,1274,780,494,61.2,4.3,58.6,63.7,1276,776,500,60.8,3.5,58.7,63.8,1278,779,498,61.0,4.0,58.5,63.6,1280,772,507,60.4,4.8,57.5,63.1,1280,780,500,60.9,3.7,58.7,63.4,1280,773,508,60.3,2.8,58.7,63.7,1281,764,517,59.7,3.1,57.8,63.4,1280,770,511,60.1,3.8,57.8,63.5,1279,771,508,60.3,2.8,58.6,63.9,1279,773,506,60.4,2.4,59.0,64.6,1279,777,503,60.7,2.5,59.1,65.2,1280,778,502,60.8,2.5,59.3,65.3,1279,790,489,61.8,2.6,60.2,65.6,1279,790,490,61.7,2.1,60.4,65.7,1280,797,483,62.3,3.1,60.4,65.9,1280,808,472,63.1,3.2,61.1,66.3,1279,809,470,63.2,2.9,61.4,66.6,1278,793,485,62.0,2.5,60.5,65.8,1278,785,493,61.4,3.6,59.2,65.2,1278,793,485,62.0,3.5,59.9,65.1,1277,805,472,63.1,3.3,61.0,66.1,1275,807,468,63.3,2.7,61.6,66.8,1274,804,470,63.1,3.5,60.9,66.9,1272,799,473,62.9,3.8,60.5,66.7
"광주광역시","남자",610,427,183,70.0,3.2,67.8,72.1,610,436,175,71.3,3.0,69.2,72.9,611,439,172,71.8,3.7,69.2,72.8,611,433,178,70.9,2.8,68.9,72.8,612,429,183,70.1,2.6,68.3,72.9,612,437,175,71.3,3.6,68.7,72.9,612,433,179,70.7,3.8,68.1,72.1,612,428,184,69.9,2.8,68.0,72.1,612,436,176,71.2,4.7,67.9,72.4,612,438,175,71.5,4.3,68.4,72.7,613,438,175,71.5,4.3,68.4,72.9,614,434,180,70.7,3.0,68.6,73.5,614,438,177,71.3,4.7,68.0,73.2,615,439,176,71.4,4.0,68.6,73.0,616,433,184,70.2,2.9,68.2,72.6,617,438,179,71.0,2.6,69.1,73.7,619,438,181,70.8,4.0,68.0,72.8,621,432,189,69.6,4.7,66.3,71.1,622,426,196,68.6,3.4,66.3,71.1,623,435,188,69.8,3.9,67.1,71.8,624,435,189,69.7,4.2,66.8,71.9,624,435,190,69.6,3.8,66.9,71.8,624,432,192,69.2,2.7,67.3,72.5,625,430,194,68.9,3.0,66.8,72.5,624,433,191,69.4,3.5,67.0,72.5,623,434,189,69.6,2.7,67.8,73.1,623,433,190,69.4,2.3,67.9,73.4,624,433,190,69.5,2.3,67.9,73.6,624,431,194,69.0,2.4,67.4,72.9,624,433,191,69.4,2.8,67.5,72.7,624,439,185,70.4,2.3,68.8,74.1,625,444,181,71.0,2.8,69.0,74.4,625,449,176,71.9,3.3,69.5,74.6,624,447,177,71.6,3.2,69.3,74.4,624,439,186,70.3,2.6,68.5,73.7,624,437,187,70.1,3.4,67.7,73.0,625,442,182,70.8,3.4,68.4,73.4,624,449,175,71.9,3.3,69.6,74.4,623,447,176,71.7,2.5,70.0,74.8,623,441,182,70.7,2.3,69.1,74.5,623,440,182,70.7,3.4,68.4,74.0
"광주광역시","여자",646,319,327,49.4,3.5,47.6,52.8,647,321,326,49.6,2.7,48.3,52.8,647,320,328,49.4,2.6,48.1,52.5,647,319,329,49.3,2.9,47.8,52.3,648,325,323,50.2,2.7,48.8,54.1,648,337,311,51.9,3.2,50.3,54.7,648,337,311,52.0,1.9,51.0,55.9,648,338,310,52.2,1.9,51.2,56.3,648,338,310,52.2,3.5,50.4,56.6,648,344,304,53.1,3.5,51.3,56.6,648,343,305,53.0,3.4,51.2,56.2,648,342,306,52.8,3.2,51.1,56.5,648,338,311,52.1,4.9,49.6,56.0,649,340,308,52.5,4.0,50.4,55.3,649,345,305,53.1,3.9,51.0,55.8,650,343,307,52.8,3.0,51.2,56.3,651,337,314,51.8,3.3,50.1,55.8,653,347,306,53.2,3.7,51.2,56.3,654,350,304,53.5,3.6,51.5,56.6,655,345,310,52.7,4.2,50.4,55.5,655,337,318,51.4,5.5,48.6,54.2,656,346,310,52.7,3.4,50.9,55.0,656,341,316,51.9,2.8,50.5,54.9,656,334,322,50.9,3.2,49.3,54.4,656,336,320,51.3,4.3,49.1,54.5,656,337,319,51.4,3.1,49.8,54.7,656,340,316,51.9,2.5,50.6,55.8,656,343,312,52.4,2.9,50.8,56.8,656,348,308,53.0,2.6,51.6,57.7,655,357,298,54.5,2.3,53.2,58.5,655,350,305,53.5,1.7,52.5,57.3,655,353,302,53.9,3.4,52.1,57.4,655,359,296,54.7,3.1,53.1,58.0,654,362,293,55.3,2.4,53.9,58.8,654,354,300,54.2,2.3,52.9,58.0,654,348,306,53.2,3.8,51.2,57.3,653,350,303,53.6,3.6,51.7,56.8,653,357,296,54.6,3.4,52.8,57.7,652,360,292,55.2,2.9,53.6,58.6,651,363,288,55.8,4.9,53.0,59.3,650,359,291,55.3,4.2,52.9,59.3
"대전광역시","계",1294,792,503,61.2,3.4,59.0,64.1,1295,801,494,61.8,3.0,60.0,64.7,1296,804,492,62.1,3.5,59.9,64.8,1296,802,494,61.9,3.0,60.0,64.9,1296,793,504,61.1,4.1,58.6,64.0,1296,795,501,61.3,3.7,59.1,63.9,1296,783,514,60.4,2.6,58.8,63.7,1296,793,503,61.2,3.3,59.1,64.3,1294,793,502,61.2,4.2,58.7,64.2,1293,794,499,61.4,4.4,58.7,63.7,1292,790,502,61.2,4.3,58.6,63.6,1291,791,500,61.3,4.2,58.7,64.0,1291,796,495,61.7,5.3,58.4,64.1,1291,802,489,62.1,4.8,59.1,64.3,1291,811,481,62.8,3.1,60.8,66.3,1291,815,476,63.1,3.7,60.8,66.3,1289,817,472,63.4,5.1,60.2,66.1,1287,815,471,63.4,5.2,60.1,65.5,1285,817,469,63.5,4.0,61.0,66.4,1285,814,470,63.4,3.2,61.3,66.7,1287,800,487,62.1,5.1,59.0,64.7,1289,815,473,63.3,3.4,61.1,66.4,1289,814,475,63.2,2.1,61.8,67.5,1289,817,472,63.4,2.6,61.7,68.0,1288,810,478,62.9,3.3,60.8,67.4,1288,808,479,62.8,2.4,61.3,67.3,1288,814,474,63.2,2.0,61.9,68.1,1289,819,470,63.5,1.7,62.4,68.9,1291,820,471,63.5,3.1,61.5,67.8,1292,823,469,63.7,2.9,61.9,68.0,1294,818,476,63.2,2.5,61.6,67.6,1297,819,479,63.1,2.7,61.4,67.9,1300,813,486,62.6,3.4,60.5,67.0,1301,823,478,63.3,3.1,61.3,68.0,1302,807,496,61.9,2.4,60.5,67.1,1303,811,492,62.3,3.2,60.3,66.8,1305,826,479,63.3,3.5,61.0,67.5,1306,840,466,64.3,2.9,62.5,68.7,1308,839,469,64.1,2.2,62.7,69.1,1310,836,475,63.8,2.9,61.9,68.2,1314,831,483,63.2,4.0,60.7,67.0
"대전광역시","남자",636,450,186,70.8,3.4,68.4,72.9,637,453,184,71.2,2.6,69.3,73.2,637,461,176,72.4,3.8,69.7,73.8,637,456,181,71.6,3.2,69.3,73.5,637,451,186,70.8,3.8,68.1,73.0,638,460,178,72.1,3.6,69.5,74.1,637,455,182,71.4,2.9,69.3,73.9,637,451,187,70.7,3.6,68.2,72.9,636,448,189,70.3,3.8,67.7,72.6,636,453,183,71.3,4.2,68.2,72.4,635,450,185,70.9,4.8,67.5,71.9,635,451,184,71.0,4.6,67.7,72.3,635,456,179,71.8,5.2,68.1,73.0,636,458,177,72.1,4.7,68.7,73.2,636,465,171,73.1,3.8,70.3,74.9,636,468,168,73.6,4.1,70.5,75.2,635,465,170,73.3,5.3,69.4,74.3,634,464,170,73.2,4.9,69.6,74.1,633,462,171,73.0,3.8,70.2,74.7,633,461,172,72.8,3.4,70.3,74.8,635,453,182,71.3,4.5,68.1,72.6,636,459,177,72.2,3.3,69.8,74.2,636,462,174,72.6,2.1,71.1,75.5,636,469,167,73.8,2.6,71.9,76.9,635,464,171,73.1,3.2,70.8,76.1,635,463,172,72.9,1.7,71.6,76.4,634,465,169,73.3,1.6,72.2,77.4,635,464,171,73.0,1.6,71.9,77.5,637,463,174,72.8,3.3,70.4,75.8,638,464,174,72.7,2.8,70.7,75.9,639,460,179,72.0,2.4,70.2,75.6,641,462,179,72.1,3.1,69.9,75.6,642,457,185,71.2,3.3,68.8,74.6,643,464,179,72.2,3.2,69.9,75.7,644,453,191,70.3,2.3,68.7,74.6,645,455,189,70.6,3.1,68.4,74.1,646,458,188,70.9,3.3,68.6,74.6,646,463,183,71.7,3.5,69.1,74.9,646,459,188,71.0,2.5,69.2,75.0,648,462,186,71.3,3.1,69.1,74.9,650,460,190,70.7,4.0,67.9,73.5
"대전광역시","여자",658,341,317,51.8,3.5,50.0,55.3,659,348,311,52.8,3.4,51.0,56.2,659,343,316,52.1,3.2,50.4,55.8,659,346,313,52.5,2.7,51.1,56.3,659,341,318,51.8,4.4,49.5,55.0,659,336,323,50.9,3.8,49.0,53.7,659,327,331,49.7,2.1,48.6,53.4,659,342,317,52.0,2.9,50.4,55.7,658,345,313,52.5,4.7,50.0,55.8,657,341,316,51.9,4.5,49.6,55.0,657,340,316,51.8,3.5,50.0,55.2,656,341,315,51.9,3.6,50.1,55.6,656,340,316,51.9,5.4,49.0,55.2,656,344,312,52.4,4.9,49.9,55.4,655,346,310,52.8,2.2,51.6,57.5,655,347,308,52.9,3.0,51.4,57.4,654,352,302,53.8,4.8,51.2,57.8,653,351,302,53.8,5.4,50.9,56.8,652,354,298,54.3,4.2,52.0,57.9,651,353,298,54.3,3.0,52.6,58.6,652,347,305,53.2,6.0,50.0,56.7,653,356,297,54.5,3.6,52.6,58.6,653,352,301,54.0,2.0,52.9,59.3,653,348,305,53.3,2.6,51.9,59.0,653,346,307,53.0,3.5,51.1,58.7,653,346,307,52.9,3.3,51.2,58.0,653,349,305,53.4,2.6,52.0,58.6,653,355,299,54.3,2.0,53.2,60.2,654,357,297,54.5,2.9,53.0,59.7,654,360,295,55.0,3.0,53.4,59.9,655,358,297,54.6,2.6,53.2,59.5,656,356,300,54.3,2.1,53.2,60.0,657,356,301,54.2,3.5,52.3,59.3,658,359,299,54.5,3.0,52.9,60.0,658,354,305,53.7,2.4,52.4,59.4,659,356,302,54.1,3.4,52.3,59.2,659,368,291,55.8,3.9,53.7,60.3,660,377,283,57.1,2.1,55.9,62.3,661,380,282,57.4,1.9,56.4,63.0,663,374,288,56.5,2.8,54.9,61.3,664,371,293,55.9,4.0,53.6,60.4
"울산광역시","계",975,589,386,60.4,4.0,58.0,61.8,976,596,380,61.1,3.5,58.9,62.1,977,603,374,61.7,3.8,59.3,62.6,977,606,370,62.1,3.9,59.6,63.3,977,600,377,61.4,4.0,59.0,63.3,977,609,368,62.3,3.6,60.1,64.1,976,605,371,62.0,3.6,59.7,63.7,976,605,371,62.0,2.9,60.2,64.6,975,602,373,61.8,3.8,59.4,64.4,974,607,367,62.4,5.0,59.2,63.6,972,599,373,61.6,4.9,58.6,63.0,971,598,372,61.6,4.5,58.8,63.4,969,589,379,60.8,5.3,57.6,62.5,967,601,366,62.1,4.5,59.3,64.0,966,597,369,61.8,3.5,59.6,64.1,965,598,368,61.9,3.4,59.8,64.3,965,594,371,61.5,5.0,58.5,63.4,965,582,382,60.3,4.6,57.6,62.3,964,584,381,60.5,3.6,58.4,63.0,964,581,383,60.3,3.8,58.0,62.9,964,577,387,59.8,4.9,56.9,62.0,962,573,389,59.6,3.6,57.4,62.2,961,574,387,59.7,2.6,58.1,63.2,959,578,382,60.2,3.1,58.3,64.1,959,572,387,59.7,3.8,57.4,63.2,956,590,367,61.7,3.5,59.5,64.8,955,588,367,61.6,2.7,59.9,65.3,955,588,367,61.5,2.8,59.8,65.7,957,588,369,61.4,4.0,59.0,64.8,957,595,362,62.2,3.5,60.1,65.8,956,589,367,61.6,2.8,59.9,65.6,956,596,361,62.3,3.5,60.1,65.9,956,586,370,61.3,4.4,58.6,64.2,956,600,356,62.8,3.7,60.4,66.2,957,596,360,62.3,3.4,60.2,66.3,957,595,362,62.2,3.3,60.1,67.1,959,584,375,60.9,2.6,59.4,66.2,961,596,364,62.1,2.3,60.6,67.2,961,589,373,61.3,1.7,60.2,67.0,962,585,377,60.8,2.7,59.2,66.8,963,593,370,61.6,3.2,59.6,67.2
"울산광역시","남자",498,380,119,76.2,4.1,73.1,76.2,499,381,118,76.3,3.9,73.4,75.9,499,384,116,76.8,4.8,73.1,75.6,499,385,114,77.2,4.5,73.7,76.5,499,378,121,75.7,3.7,72.8,76.3,499,383,117,76.7,4.0,73.6,76.7,499,378,121,75.8,4.2,72.6,75.8,499,376,123,75.4,3.4,72.9,76.6,498,374,124,75.0,4.1,71.9,76.4,497,376,121,75.6,5.0,71.8,75.8,496,369,127,74.4,5.2,70.5,74.7,495,369,126,74.5,5.2,70.6,75.0,494,362,132,73.3,5.8,69.0,73.8,493,369,124,74.8,4.8,71.3,75.8,492,367,126,74.5,3.8,71.6,76.1,492,366,126,74.4,3.5,71.8,76.4,492,366,126,74.5,4.4,71.1,76.2,492,363,129,73.8,4.6,70.4,75.3,492,364,128,74.1,3.6,71.4,76.4,492,363,129,73.7,3.6,71.0,76.4,493,355,138,72.1,4.6,68.8,74.1,492,349,143,70.9,3.5,68.4,73.6,491,349,142,71.1,2.7,69.1,74.7,491,353,138,72.0,2.7,70.0,76.3,492,352,140,71.6,3.1,69.3,75.8,490,358,132,73.2,3.3,70.7,76.9,489,359,130,73.4,2.8,71.4,77.3,489,358,131,73.2,2.9,71.1,77.3,491,358,133,73.0,4.0,70.1,76.2,491,358,133,72.9,3.4,70.5,76.7,491,354,137,72.1,2.6,70.3,76.6,491,362,129,73.8,3.3,71.3,77.2,491,356,136,72.4,4.3,69.3,75.2,492,360,132,73.2,3.4,70.7,76.9,492,360,132,73.1,3.4,70.6,77.2,493,362,131,73.5,2.9,71.3,78.6,495,361,134,72.9,1.9,71.6,78.7,497,369,128,74.2,2.1,72.6,79.6,498,363,134,73.0,1.6,71.9,79.2,498,360,139,72.2,2.1,70.7,78.6,500,363,137,72.7,3.1,70.4,78.3
"울산광역시","여자",476,209,267,43.9,3.8,42.3,46.3,477,215,262,45.1,2.9,43.8,47.1,478,219,259,45.8,2.0,44.9,48.4,478,221,257,46.3,3.0,44.9,49.0,478,222,256,46.5,4.4,44.5,49.3,478,226,251,47.4,2.8,46.0,50.4,478,227,250,47.6,2.7,46.3,50.6,477,230,248,48.1,2.1,47.0,51.6,477,229,248,47.9,3.3,46.4,51.5,477,232,245,48.6,5.1,46.1,50.4,476,230,246,48.4,4.4,46.2,50.4,475,229,246,48.3,3.5,46.6,50.8,475,227,247,47.9,4.4,45.8,50.2,474,232,242,48.9,4.2,46.9,51.3,473,230,243,48.7,3.0,47.2,51.3,473,232,242,48.9,3.2,47.4,51.2,473,227,245,48.1,5.8,45.3,49.5,473,219,253,46.4,4.6,44.3,48.2,472,219,253,46.4,3.5,44.8,48.5,472,218,254,46.2,4.2,44.3,48.2,471,222,250,47.0,5.5,44.5,48.8,470,224,246,47.7,3.8,45.8,49.7,469,225,245,47.8,2.6,46.6,50.7,469,224,244,47.9,3.8,46.1,50.8,467,221,247,47.2,4.9,44.9,49.3,466,231,235,49.6,3.9,47.7,51.4,466,229,237,49.2,2.6,47.9,52.2,466,230,236,49.3,2.7,48.0,52.9,466,229,237,49.2,4.0,47.2,52.3,466,237,229,50.9,3.6,49.0,53.7,465,235,230,50.6,3.2,48.9,53.5,465,233,232,50.2,3.6,48.3,53.4,465,230,235,49.5,4.4,47.3,51.9,464,240,224,51.7,4.2,49.5,54.3,464,236,228,50.9,3.4,49.1,54.1,464,233,231,50.2,4.0,48.1,54.2,464,223,241,48.1,3.6,46.3,52.1,464,228,236,49.1,2.8,47.8,53.3,464,226,238,48.6,1.8,47.8,53.3,464,225,238,48.6,3.6,46.8,53.3,463,230,233,49.7,3.4,48.0,54.6
"세종특별자치시","계",-,-,-,-,-,-,-,-,-,-,-,-,-,-,-,-,-,-,-,-,-,-,-,-,-,-,-,-,202,124,77,61.6,2.7,59.9,64.4,208,132,76,63.4,1.6,62.3,65.6,214,135,79,63.2,2.1,61.9,65.0,221,138,83,62.5,2.8,60.7,64.1,228,140,88,61.3,2.6,59.7,63.9,236,151,86,63.8,2.3,62.4,65.8,244,157,87,64.2,2.4,62.6,66.1,252,160,92,63.6,1.9,62.4,66.2,259,164,95,63.2,2.8,61.5,65.4,265,171,94,64.5,2.4,62.9,66.0,271,176,96,64.7,2.5,63.1,66.2,277,179,98,64.6,3.1,62.6,65.9,281,178,104,63.2,3.0,61.2,65.4,285,186,99,65.3,3.3,63.1,66.6,288,190,98,66.0,2.8,64.1,67.4,293,185,107,63.3,1.8,62.2,65.8,294,186,108,63.4,3.2,61.3,65.7,294,192,102,65.4,2.1,64.0,67.0,296,192,104,64.8,1.6,63.8,67.0,300,187,113,62.3,1.4,61.5,65.0,303,191,111,63.3,2.5,61.7,65.9,308,204,104,66.3,2.3,64.8,68.2,312,205,107,65.8,1.9,64.6,68.0,316,205,112,64.7,1.4,63.9,67.6,319,208,112,65.0,2.3,63.5,67.2,322,217,105,67.3,2.4,65.7,68.6,323,215,108,66.6,2.0,65.2,68.1,324,210,114,64.9,1.5,64.0,67.5,323,209,114,64.7,2.1,63.3,67.6,322,215,107,66.8,1.8,65.6,69.1,323,216,106,67.0,1.8,65.8,69.3,323,217,106,67.2,1.8,66.0,69.9,325,214,110,66.0,3.0,64.0,68.4,326,219,107,67.1,2.2,65.6,68.9,328,217,111,66.2,2.2,64.7,68.1,329,216,113,65.6,2.2,64.1,68.0,330,217,114,65.6,2.2,64.1,68.3
"세종특별자치시","남자",-,-,-,-,-,-,-,-,-,-,-,-,-,-,-,-,-,-,-,-,-,-,-,-,-,-,-,-,100,75,25,74.9,2.5,73.0,76.9,104,78,25,75.7,1.9,74.3,76.7,107,80,27,75.0,2.0,73.5,76.1,110,82,28,75.0,2.4,73.1,76.2,114,84,30,73.7,1.9,72.3,76.3,117,90,28,76.4,1.8,75.0,78.3,121,93,28,76.8,1.8,75.4,78.7,125,93,32,74.4,1.3,73.5,77.1,129,96,33,74.7,2.2,73.0,76.7,132,100,32,75.9,2.0,74.4,77.4,135,103,33,75.8,2.1,74.3,77.6,138,104,34,75.5,3.1,73.1,76.7,140,104,36,74.0,3.3,71.6,76.1,142,109,33,76.6,2.9,74.3,77.6,144,111,33,77.3,2.0,75.8,78.4,146,110,36,75.2,2.0,73.7,76.5,147,109,37,74.5,2.9,72.3,76.0,147,113,34,77.1,1.8,75.7,78.2,148,113,35,76.1,1.1,75.3,77.7,150,110,40,73.5,1.5,72.5,75.4,150,112,38,74.8,2.2,73.1,76.5,153,121,32,79.0,2.6,76.9,79.5,155,122,33,78.4,2.2,76.8,79.5,157,120,37,76.5,1.1,75.7,78.8,158,121,38,76.1,1.3,75.1,78.6,160,124,36,77.8,1.9,76.3,78.9,160,123,38,76.6,1.5,75.5,78.1,161,121,40,75.5,1.0,74.7,78.1,160,120,40,74.9,1.3,74.0,77.9,159,121,38,76.1,1.2,75.3,78.1,159,122,38,76.4,1.0,75.7,78.4,160,122,38,76.3,0.7,75.8,79.0,160,121,40,75.3,2.0,73.8,77.9,161,121,40,75.3,1.9,73.9,76.7,162,120,42,73.9,2.3,72.1,74.9,163,118,45,72.4,1.6,71.3,74.3,164,119,44,72.9,2.4,71.1,74.2
"세종특별자치시","여자",-,-,-,-,-,-,-,-,-,-,-,-,-,-,-,-,-,-,-,-,-,-,-,-,-,-,-,-,101,49,52,48.4,3.1,46.9,51.5,104,53,51,51.1,1.1,50.5,53.9,108,55,52,51.5,2.2,50.4,53.7,111,56,55,50.1,3.4,48.4,51.7,115,56,59,49.1,3.6,47.3,51.3,119,61,58,51.3,3.0,49.9,53.0,123,64,59,51.7,3.3,50.0,53.2,127,67,60,52.8,2.7,51.3,55.0,130,67,63,51.8,3.4,50.1,53.9,133,71,63,53.1,3.0,51.5,54.2,136,73,63,53.6,3.0,52.0,54.4,139,75,64,53.8,3.1,52.2,54.8,141,74,67,52.3,2.7,50.9,54.5,143,77,66,54.1,3.9,52.0,55.3,145,79,65,54.8,3.9,52.7,56.1,147,76,71,51.5,1.5,50.7,55.0,148,77,70,52.3,3.6,50.4,55.1,147,79,68,53.7,2.7,52.2,55.7,149,80,69,53.5,2.3,52.3,56.0,150,77,73,51.2,1.4,50.5,54.2,152,79,73,52.0,3.0,50.4,55.0,155,83,72,53.8,1.7,52.8,56.7,157,84,73,53.4,1.4,52.5,56.4,159,85,75,53.1,1.8,52.2,56.1,161,87,74,54.0,3.7,52.0,55.8,162,93,70,57.0,3.1,55.2,58.1,163,92,71,56.7,2.6,55.2,58.1,163,89,74,54.6,2.1,53.5,56.9,163,89,74,54.6,3.1,52.9,57.3,163,94,69,57.6,2.6,56.2,59.9,163,94,69,57.9,2.8,56.3,60.1,164,95,68,58.3,3.1,56.5,60.6,164,93,71,56.9,4.3,54.5,58.9,165,97,68,59.0,2.5,57.6,61.1,166,97,68,58.7,2.0,57.6,61.3,167,98,68,58.9,3.0,57.2,61.8,167,97,70,58.3,2.0,57.2,62.4
"경기도","계",10470,6638,3831,63.4,4.5,60.5,66.1,10523,6795,3728,64.6,4.0,62.0,67.1,10574,6843,3731,64.7,3.7,62.3,67.6,10627,6793,3833,63.9,3.4,61.8,67.3,10682,6806,3876,63.7,4.3,61.0,66.9,10735,6984,3752,65.1,4.3,62.3,67.8,10785,7031,3754,65.2,3.8,62.7,68.2,10837,6993,3844,64.5,3.1,62.5,68.5,10880,6945,3935,63.8,4.0,61.3,67.6,10922,7090,3832,64.9,3.7,62.5,68.3,10983,7109,3874,64.7,3.8,62.2,68.0,11050,7089,3961,64.2,3.7,61.8,67.7,11125,7075,4050,63.6,4.3,60.9,66.9,11206,7285,3921,65.0,4.0,62.4,68.0,11273,7251,4022,64.3,3.5,62.1,67.6,11334,7293,4041,64.3,3.4,62.1,67.9,11383,7216,4167,63.4,4.2,60.7,66.8,11427,7203,4224,63.0,4.1,60.5,66.1,11478,7175,4303,62.5,3.8,60.1,65.4,11535,7178,4357,62.2,3.8,59.9,65.4,11604,7187,4417,61.9,4.7,59.0,65.0,11664,7468,4196,64.0,4.2,61.3,67.0,11723,7478,4245,63.8,3.0,61.9,67.5,11787,7553,4234,64.1,2.8,62.3,68.1,11822,7618,4203,64.4,3.0,62.5,69.1,11872,7934,3939,66.8,3.0,64.8,70.7,11905,7891,4014,66.3,2.5,64.6,70.4,11934,7792,4142,65.3,2.4,63.7,69.7,11940,7694,4246,64.4,2.8,62.6,69.2,11942,7911,4031,66.2,2.7,64.4,70.6,11963,7928,4036,66.3,2.5,64.6,70.9,11999,7905,4094,65.9,2.4,64.3,70.9,12032,7800,4231,64.8,3.1,62.8,69.9,12053,8018,4036,66.5,2.9,64.6,71.0,12083,7985,4098,66.1,2.0,64.7,71.2,12116,7949,4167,65.6,2.4,64.0,70.9,12155,7906,4249,65.0,2.8,63.2,70.5,12189,8095,4094,66.4,2.6,64.7,71.4,12220,8007,4213,65.5,2.3,64.0,70.7,12257,7997,4260,65.2,2.9,63.4,70.3,12292,7995,4296,65.0,3.7,62.6,69.9
"경기도","남자",5186,3898,1287,75.2,4.5,71.8,76.6,5212,3996,1217,76.7,3.9,73.7,78.0,5238,4021,1218,76.8,3.6,74.0,78.6,5266,3989,1277,75.7,3.2,73.3,78.4,5297,4000,1297,75.5,4.2,72.3,77.7,5325,4109,1216,77.2,4.2,73.9,78.8,5351,4139,1212,77.4,4.0,74.3,79.2,5378,4105,1273,76.3,3.3,73.8,79.0,5400,4083,1317,75.6,3.8,72.7,78.3,5421,4166,1255,76.9,3.9,73.9,78.9,5454,4165,1290,76.4,3.8,73.5,78.5,5491,4179,1312,76.1,3.9,73.1,78.4,5532,4155,1377,75.1,4.2,71.9,77.4,5576,4242,1334,76.1,4.0,73.0,77.9,5613,4224,1389,75.3,3.7,72.5,77.2,5647,4274,1373,75.7,3.8,72.8,78.0,5673,4240,1433,74.7,4.3,71.5,77.0,5696,4249,1447,74.6,4.1,71.5,76.3,5723,4241,1481,74.1,3.8,71.3,75.9,5754,4244,1510,73.8,3.7,71.0,75.9,5794,4241,1553,73.2,4.4,70.0,75.4,5822,4373,1449,75.1,4.1,72.1,77.2,5851,4380,1471,74.9,2.8,72.7,77.7,5884,4400,1484,74.8,2.5,72.9,77.9,5891,4430,1461,75.2,2.5,73.3,78.8,5916,4588,1328,77.6,2.6,75.6,80.3,5933,4576,1357,77.1,2.4,75.3,79.8,5950,4519,1431,75.9,2.3,74.2,78.9,5952,4455,1497,74.9,2.8,72.8,78.0,5953,4546,1408,76.4,2.9,74.1,79.0,5964,4540,1425,76.1,2.8,74.0,78.8,5985,4521,1464,75.5,2.8,73.4,78.5,6003,4454,1549,74.2,3.1,71.9,77.7,6013,4563,1450,75.9,3.1,73.5,78.6,6029,4531,1498,75.2,2.1,73.6,78.7,6047,4499,1548,74.4,2.4,72.6,78.0,6068,4470,1597,73.7,2.9,71.5,77.5,6082,4574,1509,75.2,2.9,73.0,78.5,6097,4529,1568,74.3,2.6,72.3,77.8,6118,4505,1613,73.6,2.9,71.5,77.1,6140,4502,1638,73.3,3.7,70.6,76.5
"경기도","여자",5284,2740,2544,51.9,4.6,49.5,55.3,5310,2799,2511,52.7,4.2,50.5,56.0,5336,2822,2514,52.9,3.8,50.9,56.4,5361,2805,2556,52.3,3.7,50.4,56.0,5385,2807,2579,52.1,4.5,49.8,55.9,5410,2875,2535,53.1,4.3,50.8,56.6,5435,2892,2543,53.2,3.5,51.3,57.0,5459,2888,2571,52.9,2.7,51.5,57.6,5480,2862,2618,52.2,4.2,50.1,56.6,5501,2924,2577,53.2,3.5,51.3,57.4,5529,2944,2585,53.3,3.9,51.2,57.2,5559,2910,2650,52.3,3.3,50.6,56.7,5594,2920,2673,52.2,4.3,49.9,56.1,5629,3043,2587,54.1,4.0,51.9,57.8,5660,3027,2633,53.5,3.2,51.8,57.7,5687,3019,2668,53.1,2.8,51.6,57.5,5710,2976,2734,52.1,4.0,50.0,56.3,5731,2954,2777,51.6,4.0,49.5,55.5,5755,2934,2821,51.0,3.8,49.1,54.5,5781,2934,2848,50.7,3.9,48.8,54.4,5811,2946,2865,50.7,5.1,48.1,54.2,5842,3095,2747,53.0,4.4,50.6,56.4,5872,3098,2774,52.8,3.2,51.1,56.9,5903,3153,2749,53.4,3.2,51.7,58.0,5930,3188,2742,53.8,3.6,51.8,59.0,5956,3345,2611,56.2,3.5,54.2,60.8,5973,3315,2657,55.5,2.7,54.0,60.7,5985,3273,2711,54.7,2.6,53.3,60.2,5988,3239,2749,54.1,2.9,52.5,60.1,5989,3366,2623,56.2,2.5,54.8,61.8,5999,3388,2611,56.5,2.1,55.3,62.6,6015,3384,2630,56.3,1.8,55.2,63.0,6028,3346,2682,55.5,3.1,53.8,61.9,6040,3455,2586,57.2,2.6,55.7,63.0,6054,3454,2601,57.0,1.9,56.0,63.3,6069,3450,2619,56.8,2.3,55.5,63.4,6087,3436,2651,56.4,2.7,54.9,63.2,6106,3521,2586,57.7,2.3,56.3,64.1,6123,3478,2646,56.8,1.9,55.7,63.4,6138,3492,2646,56.9,2.8,55.3,63.1,6152,3494,2658,56.8,3.8,54.6,62.9
"강원도","계",1284,723,561,56.3,4.6,53.7,61.5,1287,789,498,61.3,2.2,60.0,65.8,1289,795,494,61.7,2.6,60.0,65.5,1291,778,513,60.2,2.0,59.0,65.6,1293,754,539,58.3,3.9,56.0,64.1,1294,836,459,64.6,2.0,63.2,68.7,1296,842,453,65.0,2.0,63.7,68.8,1297,813,484,62.6,2.7,61.0,66.8,1298,761,536,58.7,4.4,56.1,63.9,1299,834,465,64.2,2.5,62.6,67.6,1301,842,458,64.7,2.7,63.0,68.1,1302,812,490,62.4,2.1,61.0,67.3,1302,796,507,61.1,5.6,57.7,65.4,1302,863,440,66.2,3.3,64.0,69.1,1303,868,435,66.6,2.2,65.1,70.5,1304,839,465,64.4,3.3,62.2,68.4,1305,805,500,61.7,5.1,58.5,65.8,1307,846,461,64.7,3.8,62.2,67.5,1308,841,467,64.3,3.0,62.4,67.7,1309,817,492,62.4,3.9,60.0,66.9,1314,791,523,60.2,5.9,56.7,64.1,1316,856,460,65.0,2.8,63.2,68.0,1318,861,458,65.3,2.3,63.8,68.5,1321,851,470,64.4,3.7,62.0,68.2,1318,802,516,60.9,4.7,58.0,65.4,1321,859,461,65.1,2.5,63.5,68.6,1324,867,456,65.5,2.2,64.1,68.8,1328,849,478,64.0,3.4,61.8,68.1,1326,824,502,62.2,4.6,59.3,66.8,1327,891,436,67.1,2.2,65.7,71.2,1328,883,445,66.5,1.6,65.4,70.6,1329,860,469,64.7,2.8,62.9,69.6,1330,820,510,61.7,4.5,58.9,67.0,1328,893,435,67.2,2.3,65.7,71.3,1327,890,438,67.0,1.3,66.2,72.1,1327,868,459,65.4,3.1,63.4,71.0,1328,830,497,62.5,3.8,60.2,68.1,1327,901,426,67.9,1.8,66.7,72.0,1325,898,428,67.7,1.8,66.5,71.6,1325,880,446,66.4,3.1,64.3,70.7,1328,856,473,64.4,4.0,61.8,69.0
"강원도","남자",628,405,223,64.4,4.6,61.5,68.2,629,436,193,69.3,2.0,67.9,72.6,630,440,191,69.8,2.9,67.8,72.3,631,433,198,68.6,2.0,67.2,72.6,632,422,211,66.7,3.4,64.4,71.2,633,462,172,72.9,1.7,71.7,75.9,634,460,174,72.5,1.5,71.4,75.4,635,449,185,70.8,2.9,68.7,73.4,635,421,213,66.4,4.2,63.6,69.9,635,456,180,71.7,2.6,69.9,74.2,636,470,166,73.9,2.7,71.9,76.8,637,449,188,70.5,2.5,68.8,74.6,638,437,201,68.5,4.7,65.3,72.3,639,474,164,74.3,3.8,71.5,76.0,639,476,163,74.5,2.6,72.6,77.4,640,462,178,72.1,3.0,70.0,75.2,641,443,198,69.2,4.9,65.7,72.3,641,470,171,73.3,3.9,70.4,75.2,642,462,180,71.9,2.8,69.9,75.1,643,446,197,69.4,2.6,67.5,73.8,646,432,214,66.9,4.4,63.9,70.5,648,465,183,71.7,2.9,69.6,74.3,649,463,186,71.3,2.4,69.6,74.3,651,461,190,70.8,3.3,68.5,74.4,647,426,221,65.8,3.9,63.3,70.6,648,457,191,70.5,2.2,69.0,74.2,649,466,184,71.7,2.2,70.2,75.0,652,454,198,69.6,3.0,67.5,73.3,649,435,214,67.0,4.2,64.2,71.4,650,470,180,72.3,2.0,70.8,76.3,650,466,184,71.7,1.3,70.8,75.6,652,455,197,69.8,2.2,68.3,74.5,654,435,218,66.6,4.3,63.7,72.4,653,476,176,73.0,2.2,71.4,77.2,653,475,177,72.8,1.5,71.7,77.7,653,465,188,71.3,2.7,69.3,76.5,654,445,209,68.0,3.9,65.3,73.2,653,481,172,73.6,1.8,72.2,77.5,652,479,173,73.4,1.8,72.1,76.9,653,479,174,73.4,2.9,71.3,76.8,656,469,187,71.5,3.2,69.2,75.4
"강원도","여자",656,318,338,48.5,4.7,46.2,54.6,658,353,305,53.7,2.4,52.4,58.8,659,355,304,53.9,2.3,52.7,58.5,660,345,315,52.3,2.1,51.2,58.4,660,332,328,50.3,4.6,48.0,56.9,661,374,287,56.6,2.5,55.2,61.3,662,383,279,57.9,2.5,56.4,62.0,662,363,299,54.8,2.4,53.5,59.9,663,340,323,51.3,4.7,48.9,57.7,664,378,286,57.0,2.5,55.6,60.8,664,372,292,56.0,2.6,54.5,59.1,665,363,302,54.5,1.8,53.6,59.9,664,358,306,54.0,6.8,50.3,58.3,664,388,276,58.5,2.8,56.8,61.9,664,392,272,59.0,1.8,57.9,63.3,664,378,287,56.9,3.7,54.8,61.4,665,362,303,54.4,5.3,51.6,59.1,666,376,290,56.5,3.7,54.4,59.6,667,379,287,56.9,3.2,55.1,60.0,667,371,295,55.7,5.3,52.7,59.6,667,359,309,53.7,7.6,49.6,57.4,668,391,277,58.5,2.6,57.0,61.5,670,398,271,59.4,2.1,58.2,62.6,670,390,280,58.2,4.1,55.8,61.7,671,377,295,56.1,5.7,52.9,60.1,673,403,271,59.8,2.8,58.2,62.7,674,402,273,59.5,2.3,58.2,62.5,676,396,280,58.5,3.9,56.3,62.8,677,390,287,57.5,5.0,54.7,62.0,678,421,256,62.2,2.3,60.7,66.0,678,417,261,61.5,2.0,60.3,65.5,677,405,272,59.8,3.4,57.8,64.5,677,385,292,56.9,4.7,54.2,61.5,675,417,259,61.7,2.4,60.2,65.1,675,414,260,61.4,1.0,60.8,66.3,674,403,271,59.7,3.5,57.7,65.3,674,386,288,57.2,3.6,55.2,62.8,674,420,254,62.4,1.7,61.3,66.2,673,419,255,62.2,1.7,61.1,66.1,673,400,272,59.5,3.2,57.6,64.4,672,386,286,57.5,5.0,54.6,62.2
"충청북도","계",1357,831,526,61.2,2.7,59.6,66.7,1361,880,481,64.6,2.9,62.8,68.5,1365,885,480,64.9,2.7,63.1,69.0,1368,874,494,63.9,2.2,62.5,68.6,1371,838,533,61.1,3.1,59.2,66.6,1374,897,477,65.3,2.3,63.8,69.9,1377,901,476,65.4,1.9,64.2,70.3,1380,885,495,64.1,1.7,63.1,69.5,1381,856,525,62.0,2.7,60.3,67.6,1383,920,463,66.6,2.6,64.8,70.1,1386,918,467,66.3,2.5,64.6,69.8,1389,898,491,64.6,2.0,63.4,69.1,1393,880,514,63.1,3.3,61.0,67.5,1398,925,474,66.1,3.7,63.7,68.6,1402,918,484,65.5,2.5,63.8,68.6,1405,909,496,64.7,2.7,63.0,68.5,1407,903,504,64.2,3.7,61.8,68.1,1408,931,477,66.1,3.1,64.1,69.5,1409,929,480,66.0,3.0,64.0,69.5,1411,913,497,64.8,2.9,62.9,68.9,1413,891,523,63.0,3.5,60.8,68.2,1415,930,485,65.7,2.5,64.1,70.2,1417,929,489,65.5,2.0,64.2,70.3,1420,932,489,65.6,1.9,64.3,70.7,1423,926,496,65.1,3.2,63.0,70.1,1425,966,460,67.8,2.7,65.9,71.7,1428,958,469,67.1,2.1,65.7,71.5,1431,946,485,66.1,1.8,65.0,71.1,1432,939,493,65.5,3.2,63.4,70.2,1434,974,459,68.0,2.2,66.5,72.4,1435,968,468,67.4,1.8,66.2,71.7,1438,962,476,66.9,2.0,65.6,71.3,1440,951,489,66.0,3.0,64.0,70.5,1442,990,451,68.7,2.0,67.3,72.8,1444,978,465,67.8,1.7,66.6,71.9,1445,970,476,67.1,2.3,65.6,71.5,1448,970,479,67.0,2.7,65.2,71.8,1451,1006,445,69.3,1.8,68.1,73.6,1454,1000,454,68.8,1.0,68.1,73.7,1457,996,462,68.3,1.5,67.3,73.6,1463,980,483,67.0,2.5,65.3,72.2
"충청북도","남자",675,480,194,71.2,2.7,69.2,74.9,678,501,177,73.9,2.8,71.8,76.2,680,499,181,73.4,2.2,71.8,76.3,681,492,190,72.2,2.1,70.7,75.4,684,478,206,69.9,2.6,68.1,73.8,686,510,176,74.4,2.4,72.6,77.4,687,514,173,74.9,1.7,73.6,78.5,689,511,178,74.2,1.6,73.0,78.1,690,504,186,73.0,2.7,71.1,76.6,691,532,159,77.0,2.2,75.4,79.4,693,533,160,76.9,2.0,75.4,79.4,695,524,172,75.3,1.9,73.9,78.2,699,513,185,73.5,3.4,71.0,75.8,702,532,170,75.8,4.2,72.6,76.1,705,528,177,74.8,2.7,72.8,76.3,707,527,180,74.6,2.9,72.4,76.4,708,523,185,73.8,3.4,71.3,76.0,709,537,172,75.7,3.3,73.3,77.4,710,529,180,74.6,3.5,72.0,76.1,711,523,188,73.6,3.0,71.4,76.0,713,519,194,72.9,3.4,70.4,76.0,714,533,180,74.7,2.5,72.9,77.6,715,526,188,73.6,2.1,72.1,76.8,716,535,182,74.7,2.2,73.0,77.9,718,537,181,74.8,3.3,72.4,77.1,719,553,166,76.9,2.5,75.0,78.5,720,551,169,76.5,2.5,74.6,78.3,722,550,173,76.1,1.9,74.6,78.5,723,548,176,75.7,2.8,73.6,78.1,725,569,156,78.5,2.4,76.6,80.9,726,565,162,77.8,1.4,76.7,80.7,728,567,161,77.9,1.9,76.4,80.6,730,558,172,76.4,3.1,74.0,79.1,731,568,164,77.6,2.1,76.0,80.1,733,558,175,76.2,2.1,74.6,78.7,734,551,183,75.1,2.2,73.5,78.0,736,553,184,75.1,1.9,73.7,78.7,738,565,173,76.5,1.4,75.5,79.7,740,564,176,76.2,0.9,75.5,79.8,743,556,186,74.9,1.2,74.0,78.9,746,556,190,74.5,2.4,72.8,77.9
"충청북도","여자",682,350,332,51.4,2.7,50.0,58.0,684,379,305,55.5,2.9,53.8,60.4,685,386,299,56.4,3.3,54.5,61.3,687,382,304,55.7,2.5,54.3,61.5,688,360,327,52.4,3.7,50.5,59.0,689,387,302,56.2,2.1,55.0,62.0,690,386,304,56.0,2.1,54.8,61.5,691,374,317,54.1,1.8,53.1,60.4,692,353,339,51.0,2.8,49.6,58.0,692,388,304,56.1,3.2,54.3,60.1,693,386,307,55.7,3.2,53.9,59.5,694,374,319,54.0,2.0,52.9,59.3,695,366,329,52.7,3.3,51.0,58.6,696,393,304,56.4,3.0,54.7,60.5,697,390,307,56.0,2.2,54.7,60.3,698,382,316,54.7,2.4,53.4,60.0,699,380,318,54.4,4.0,52.2,59.6,699,395,305,56.4,3.0,54.8,60.9,699,400,300,57.2,2.4,55.8,62.2,700,390,310,55.8,2.8,54.2,61.2,700,371,329,53.0,3.7,51.0,59.6,702,397,305,56.5,2.5,55.1,62.1,703,403,300,57.3,1.9,56.2,63.3,704,397,307,56.4,1.6,55.5,62.9,705,390,316,55.2,3.2,53.5,62.5,707,413,293,58.5,3.0,56.7,64.3,708,407,300,57.6,1.6,56.7,64.1,708,396,312,56.0,1.5,55.1,62.9,709,391,317,55.2,3.8,53.1,61.6,709,405,304,57.2,2.0,56.0,63.0,709,403,306,56.9,2.3,55.5,61.8,709,395,315,55.7,2.2,54.5,61.0,710,393,317,55.3,2.8,53.8,61.0,710,423,288,59.5,1.8,58.5,64.7,711,420,291,59.1,1.3,58.4,64.3,711,418,293,58.8,2.5,57.4,64.3,712,417,295,58.6,3.7,56.4,64.1,713,441,272,61.8,2.4,60.4,66.8,714,436,278,61.1,1.1,60.4,66.8,715,439,276,61.4,1.9,60.3,67.7,717,424,293,59.1,2.7,57.5,65.9
"충청남도","계",1964,1195,769,60.8,4.1,58.3,65.1,1980,1284,696,64.9,3.4,62.7,67.7,1995,1308,687,65.6,3.3,63.4,68.6,2008,1278,730,63.6,1.9,62.4,68.6,1821,1097,724,60.2,3.1,58.4,66.1,1828,1199,628,65.6,3.1,63.6,68.7,1834,1202,632,65.5,2.3,64.0,68.7,1841,1197,643,65.1,2.9,63.2,68.1,1846,1153,693,62.4,4.1,59.9,66.9,1852,1226,625,66.2,2.7,64.4,69.2,1858,1256,603,67.6,2.7,65.8,70.5,1865,1231,634,66.0,2.9,64.1,69.3,1870,1192,679,63.7,3.0,61.8,68.9,1876,1256,620,66.9,3.2,64.8,69.8,1881,1247,634,66.3,3.1,64.2,69.2,1886,1230,655,65.3,2.2,63.8,69.3,1886,1173,713,62.2,3.9,59.8,66.4,1884,1239,645,65.8,4.0,63.1,68.2,1884,1243,641,66.0,2.9,64.0,68.8,1886,1219,667,64.7,3.1,62.7,67.8,1889,1158,731,61.3,3.7,59.0,65.4,1890,1251,640,66.2,2.7,64.4,68.9,1893,1247,647,65.8,1.3,65.0,69.4,1897,1227,670,64.7,1.5,63.7,69.1,1900,1184,716,62.3,2.9,60.5,67.1,1906,1276,630,66.9,2.8,65.1,69.5,1910,1292,618,67.6,1.9,66.4,70.9,1914,1267,647,66.2,1.8,65.0,70.6,1919,1218,702,63.4,3.2,61.4,68.0,1923,1310,613,68.1,2.4,66.5,70.5,1928,1308,621,67.8,2.2,66.3,70.6,1935,1290,645,66.6,2.6,64.9,69.9,1942,1237,705,63.7,4.1,61.1,68.6,1949,1332,617,68.3,3.2,66.2,70.5,1955,1322,633,67.6,2.2,66.1,70.6,1961,1318,644,67.2,2.3,65.7,71.3,1969,1288,681,65.4,3.7,63.0,70.0,1977,1361,616,68.9,2.8,66.9,72.5,1982,1347,635,68.0,2.2,66.5,71.8,1986,1335,651,67.2,2.2,65.7,71.7,1993,1307,685,65.6,2.7,63.8,71.0
"충청남도","남자",987,726,261,73.6,3.8,70.8,76.3,995,769,226,77.3,3.2,74.8,78.9,1003,786,217,78.3,3.4,75.7,79.8,1010,773,237,76.5,1.8,75.1,80.3,918,675,243,73.6,2.7,71.6,78.0,922,719,203,78.0,2.9,75.7,79.9,925,715,211,77.2,2.3,75.4,79.4,929,709,221,76.2,3.3,73.7,77.4,933,690,242,74.0,3.8,71.2,76.8,936,718,218,76.7,2.8,74.5,78.2,940,736,203,78.3,2.6,76.3,79.8,944,727,217,77.1,2.7,75.0,78.7,947,714,233,75.4,2.5,73.5,78.9,952,737,214,77.5,3.0,75.2,79.0,955,726,228,76.1,3.0,73.8,77.7,958,722,236,75.4,2.0,73.9,78.2,958,703,255,73.4,3.3,70.9,76.0,957,727,230,75.9,3.7,73.1,76.9,958,724,233,75.6,2.7,73.6,77.0,959,715,245,74.5,3.1,72.2,75.6,962,691,271,71.9,3.8,69.1,73.9,963,733,231,76.1,2.9,73.8,77.0,965,727,238,75.3,1.3,74.4,77.3,968,729,239,75.3,1.5,74.2,78.3,968,710,258,73.3,2.6,71.4,76.5,971,745,226,76.8,2.8,74.6,78.0,973,749,224,77.0,1.9,75.5,78.6,976,737,238,75.6,1.8,74.2,77.9,979,717,262,73.2,3.0,71.0,75.7,981,755,227,76.9,2.3,75.2,78.3,985,758,226,77.0,1.9,75.5,79.0,989,751,238,75.9,2.4,74.1,78.0,993,731,262,73.6,3.4,71.1,77.0,997,774,223,77.6,2.8,75.5,79.0,1001,768,234,76.7,2.1,75.0,78.8,1005,771,234,76.7,2.3,74.9,79.0,1010,761,249,75.3,3.9,72.4,77.9,1015,786,229,77.5,2.9,75.2,79.7,1018,775,243,76.2,2.2,74.5,78.9,1021,778,244,76.1,2.1,74.6,79.2,1025,767,259,74.8,2.4,73.0,78.4
"충청남도","여자",977,469,509,48.0,4.7,45.7,52.8,985,515,470,52.3,3.7,50.4,55.5,992,522,470,52.6,3.2,51.0,56.5,998,505,493,50.6,2.2,49.5,55.7,903,422,481,46.7,3.7,45.0,53.0,906,480,425,53.0,3.3,51.3,56.4,909,487,421,53.6,2.4,52.4,57.0,911,489,422,53.6,2.3,52.4,57.9,914,463,451,50.6,4.6,48.3,56.0,916,509,407,55.5,2.5,54.1,59.3,919,519,399,56.5,2.8,55.0,60.1,921,504,417,54.7,3.2,52.9,58.8,923,478,445,51.8,3.6,49.9,57.7,925,519,406,56.1,3.5,54.1,59.6,927,521,406,56.2,3.2,54.4,59.8,928,509,419,54.8,2.6,53.4,59.4,928,470,458,50.6,4.7,48.2,55.7,927,512,415,55.3,4.4,52.8,58.4,927,519,408,56.0,3.2,54.2,59.5,927,505,422,54.5,3.0,52.8,59.0,927,467,460,50.3,3.5,48.6,55.8,927,518,409,55.9,2.5,54.5,59.7,928,520,409,56.0,1.3,55.3,60.5,930,498,432,53.6,1.5,52.8,58.5,932,475,458,50.9,3.4,49.2,56.5,935,530,405,56.7,2.6,55.2,60.0,937,543,394,57.9,1.8,56.9,62.2,939,530,409,56.5,1.7,55.5,62.3,940,501,439,53.3,3.6,51.4,59.2,942,555,387,58.9,2.6,57.4,61.7,944,550,394,58.2,2.7,56.7,61.1,946,539,407,56.9,2.9,55.3,60.6,949,506,443,53.3,5.2,50.6,59.1,952,558,394,58.6,3.7,56.4,61.0,954,555,399,58.1,2.3,56.8,61.3,956,547,409,57.2,2.3,55.9,62.5,959,527,432,54.9,3.5,53.0,61.0,962,575,387,59.8,2.8,58.1,64.2,964,572,392,59.3,2.2,58.0,63.7,965,558,408,57.8,2.4,56.4,63.1,967,540,427,55.9,3.1,54.2,62.4
"전라북도","계",1566,919,647,58.7,2.7,57.1,63.6,1569,982,587,62.6,2.5,61.0,66.1,1570,980,590,62.4,1.3,61.6,66.6,1570,959,611,61.1,1.8,60.0,65.6,1571,928,643,59.1,3.7,56.9,63.5,1571,964,607,61.4,2.7,59.7,65.2,1571,949,623,60.4,1.8,59.3,64.6,1571,937,634,59.6,1.9,58.5,64.2,1570,912,658,58.1,3.1,56.3,63.1,1569,955,614,60.9,3.0,59.0,64.1,1568,947,621,60.4,2.4,59.0,63.9,1567,946,622,60.3,2.4,58.9,64.4,1565,934,632,59.6,3.3,57.6,63.6,1564,965,598,61.7,2.6,60.1,65.0,1562,957,605,61.3,2.4,59.8,64.5,1560,957,603,61.3,2.4,59.9,64.7,1558,932,626,59.8,2.8,58.2,63.3,1556,956,600,61.5,2.8,59.7,63.7,1554,965,589,62.1,1.9,60.9,65.3,1553,970,583,62.4,2.4,60.9,66.2,1555,950,605,61.1,2.8,59.4,65.1,1556,984,572,63.3,2.2,61.9,66.0,1556,986,570,63.4,1.7,62.3,66.5,1556,976,580,62.7,2.1,61.4,66.7,1556,963,594,61.8,2.9,60.0,65.4,1557,1011,547,64.9,2.5,63.3,67.4,1556,1008,549,64.8,1.7,63.7,67.7,1556,987,569,63.5,2.6,61.8,66.7,1555,981,574,63.1,2.8,61.3,66.5,1553,1019,535,65.6,2.8,63.7,67.6,1552,1022,531,65.8,1.9,64.6,68.5,1552,1010,542,65.1,2.5,63.5,68.5,1551,996,555,64.2,2.5,62.6,67.7,1550,1030,519,66.5,2.5,64.8,69.2,1548,1020,529,65.9,1.7,64.8,69.1,1547,1007,540,65.1,3.4,62.9,68.7,1547,988,559,63.9,3.3,61.8,67.4,1547,1012,535,65.4,2.5,63.8,68.8,1546,1020,526,66.0,1.7,64.9,69.7,1546,1007,539,65.1,3.5,62.8,69.1,1548,993,555,64.1,3.2,62.1,67.9
"전라북도","남자",766,542,224,70.8,2.9,68.7,72.9,767,562,206,73.2,3.2,70.9,74.5,768,554,214,72.1,1.4,71.1,74.4,768,547,221,71.2,2.0,69.8,73.3,769,545,223,70.9,3.8,68.2,72.1,769,553,216,71.9,3.2,69.6,73.5,769,539,230,70.1,1.5,69.0,73.0,769,540,229,70.2,2.1,68.7,72.9,769,542,227,70.5,3.2,68.2,72.9,768,547,221,71.2,3.8,68.6,72.4,768,540,228,70.4,2.8,68.4,72.4,768,544,224,70.8,2.7,68.9,73.3,767,539,228,70.2,3.5,67.8,71.9,767,542,225,70.7,3.1,68.5,72.3,766,544,222,71.1,2.8,69.1,73.3,766,546,219,71.4,2.8,69.4,73.4,765,536,229,70.1,2.8,68.1,72.2,764,542,221,71.0,3.2,68.8,72.1,763,541,222,70.9,2.3,69.2,72.6,762,546,216,71.7,2.0,70.3,73.8,764,543,221,71.1,2.2,69.6,73.3,765,547,218,71.5,2.4,69.8,72.3,765,549,215,71.8,1.9,70.5,72.8,765,551,214,72.0,1.9,70.6,73.6,766,544,222,71.0,2.7,69.1,72.1,766,556,210,72.5,2.9,70.4,72.8,766,553,213,72.1,2.0,70.7,72.9,766,543,223,70.9,2.3,69.3,71.9,767,543,224,70.8,3.0,68.7,71.4,766,549,218,71.6,3.1,69.4,71.6,766,551,216,71.9,2.2,70.3,72.8,766,546,221,71.2,1.7,69.9,72.9,766,547,219,71.5,2.4,69.8,73.2,765,550,215,71.9,2.6,70.0,73.6,765,545,221,71.2,1.9,69.8,73.2,765,543,222,71.0,2.4,69.3,73.5,766,544,223,70.9,2.9,68.9,72.9,766,549,218,71.6,2.5,69.8,73.5,766,553,213,72.2,1.5,71.1,75.0,767,554,213,72.2,2.3,70.5,75.5,769,553,216,71.9,3.0,69.7,74.3
"전라북도","여자",800,377,423,47.1,2.4,46.0,53.8,801,420,382,52.4,1.5,51.6,57.3,802,426,376,53.1,1.1,52.6,58.6,802,412,390,51.4,1.6,50.6,57.5,802,383,419,47.7,3.4,46.1,54.6,802,411,391,51.3,1.9,50.3,56.4,802,410,393,51.1,2.3,49.9,55.9,802,397,405,49.5,1.5,48.7,55.1,802,371,431,46.2,3.0,44.8,53.0,801,408,393,51.0,2.0,49.9,55.4,800,407,394,50.8,1.8,49.9,55.0,800,402,398,50.3,1.9,49.3,55.0,798,395,404,49.5,3.1,47.9,54.9,797,423,374,53.1,2.1,52.0,57.2,796,412,383,51.8,1.9,50.8,55.3,795,411,384,51.7,1.9,50.7,55.7,794,396,398,49.9,2.8,48.5,54.0,793,414,379,52.2,2.4,51.0,54.9,792,425,367,53.6,1.4,52.8,57.6,791,423,368,53.5,2.9,52.0,58.2,791,406,385,51.4,3.7,49.4,56.5,791,437,354,55.3,2.0,54.1,59.4,791,437,354,55.2,1.4,54.4,59.7,791,425,366,53.8,2.3,52.5,59.4,791,419,372,53.0,3.2,51.2,58.3,791,455,336,57.5,2.0,56.4,61.7,791,455,335,57.6,1.3,56.9,62.2,790,444,346,56.2,3.0,54.5,61.2,788,438,350,55.6,2.6,54.1,61.3,787,470,317,59.7,2.5,58.2,63.3,786,471,315,59.9,1.6,59.0,64.0,786,465,321,59.1,3.3,57.2,63.8,785,448,337,57.1,2.7,55.6,62.0,784,480,304,61.2,2.4,59.7,64.5,783,475,308,60.6,1.3,59.8,64.7,782,464,318,59.3,4.6,56.5,63.6,781,445,336,56.9,3.7,54.8,61.5,780,463,317,59.4,2.5,57.9,63.7,780,468,312,60.0,2.0,58.8,64.0,779,453,326,58.1,5.1,55.2,62.1,779,440,339,56.5,3.3,54.6,61.0
"전라남도","계",1536,956,580,62.2,3.8,59.9,66.2,1539,1001,538,65.1,2.6,63.4,67.7,1540,1018,522,66.1,2.8,64.3,68.6,1540,1002,539,65.0,2.9,63.2,67.6,1541,965,576,62.6,4.5,59.8,65.3,1541,998,543,64.8,3.1,62.7,66.8,1541,996,545,64.6,2.7,62.9,67.1,1541,994,547,64.5,2.3,63.0,67.8,1540,970,571,63.0,4.2,60.4,66.2,1540,999,541,64.9,2.9,63.0,67.8,1539,991,548,64.4,2.5,62.8,67.6,1539,994,545,64.6,1.6,63.5,69.0,1537,980,558,63.7,2.8,61.9,67.7,1536,1007,529,65.5,3.3,63.3,67.8,1535,1005,529,65.5,2.4,63.9,69.2,1533,1005,527,65.6,1.6,64.5,70.6,1530,992,537,64.9,3.1,62.8,69.2,1526,1003,524,65.7,2.5,64.0,69.0,1524,1000,524,65.6,1.8,64.5,69.3,1522,996,527,65.4,2.0,64.1,69.0,1523,984,540,64.6,3.8,62.2,67.6,1524,1016,508,66.7,2.1,65.3,69.5,1524,1016,508,66.7,1.5,65.7,69.9,1524,1017,507,66.7,2.1,65.4,70.8,1525,1011,514,66.3,3.0,64.4,69.8,1526,1045,481,68.5,2.0,67.1,71.6,1525,1040,485,68.2,1.8,66.9,71.3,1524,1038,485,68.2,2.1,66.7,72.2,1524,1035,490,67.9,3.1,65.8,71.7,1523,1058,466,69.4,1.6,68.3,73.1,1522,1043,479,68.5,1.9,67.3,71.7,1522,1030,492,67.7,2.3,66.2,70.9,1522,1021,501,67.1,3.0,65.1,70.4,1521,1041,480,68.4,2.3,66.8,70.9,1520,1034,486,68.0,2.1,66.6,71.0,1518,1034,484,68.1,3.5,65.7,70.9,1518,1018,501,67.0,3.5,64.6,69.7,1519,1038,482,68.3,2.4,66.6,71.1,1520,1029,491,67.7,2.4,66.1,70.5,1522,1028,494,67.6,3.6,65.1,70.8,1526,1022,504,67.0,4.3,64.1,69.9
"전라남도","남자",755,555,200,73.5,4.8,70.0,74.4,756,562,195,74.2,3.7,71.5,74.9,757,572,185,75.6,3.7,72.8,76.1,758,559,199,73.8,3.2,71.4,74.6,759,550,209,72.5,4.2,69.5,72.8,759,559,201,73.6,3.6,71.0,73.9,759,556,204,73.2,2.8,71.2,74.2,760,560,200,73.7,2.8,71.6,75.1,759,555,204,73.1,4.4,69.9,73.7,759,561,198,73.9,3.1,71.7,75.4,759,559,201,73.6,2.6,71.6,75.4,760,556,204,73.2,1.7,71.9,75.7,760,552,208,72.7,2.8,70.6,74.4,760,566,194,74.5,3.7,71.7,75.1,760,565,195,74.3,2.4,72.5,76.7,760,572,189,75.2,1.7,73.9,78.7,759,566,194,74.5,2.9,72.3,76.9,758,565,193,74.5,2.7,72.5,76.4,758,565,193,74.5,1.7,73.2,77.2,758,562,196,74.1,1.9,72.7,76.0,760,566,194,74.4,3.4,71.9,75.1,761,574,187,75.4,2.5,73.6,76.1,762,571,191,75.0,1.8,73.6,76.5,762,569,193,74.6,1.7,73.3,77.2,762,569,193,74.6,2.4,72.8,76.5,762,583,179,76.5,2.4,74.7,77.7,762,580,182,76.1,2.2,74.5,77.4,761,580,182,76.2,1.5,75.0,79.0,763,575,188,75.3,2.0,73.8,78.0,763,580,183,76.1,1.6,74.9,78.9,763,576,187,75.5,1.9,74.1,77.8,763,567,197,74.2,1.8,72.9,76.7,764,566,198,74.1,2.3,72.4,76.6,765,571,194,74.6,2.6,72.7,76.4,765,570,195,74.5,2.1,72.9,76.6,765,577,188,75.4,2.9,73.2,77.2,767,570,197,74.4,2.7,72.4,76.2,768,578,190,75.3,2.9,73.1,76.7,769,573,196,74.5,3.0,72.3,76.0,771,575,196,74.6,2.8,72.5,77.1,775,573,201,74.0,3.1,71.7,76.3
"전라남도","여자",782,402,380,51.4,2.3,50.2,57.3,782,440,343,56.2,1.1,55.5,59.9,783,446,337,56.9,1.7,56.0,60.4,782,443,340,56.6,2.5,55.2,59.9,782,415,367,53.0,4.8,50.5,57.2,782,440,342,56.2,2.6,54.7,59.0,782,440,342,56.3,2.7,54.8,59.4,781,434,348,55.5,1.7,54.6,60.0,781,415,366,53.1,3.8,51.1,57.9,781,437,344,56.0,2.6,54.6,59.4,780,433,348,55.5,2.2,54.2,59.2,779,438,341,56.2,1.5,55.4,61.6,778,428,350,55.0,2.9,53.4,60.2,776,441,335,56.8,2.9,55.1,59.9,774,440,334,56.9,2.3,55.5,60.9,773,434,339,56.1,1.6,55.2,61.6,771,427,344,55.4,3.4,53.5,60.6,768,438,330,57.0,2.3,55.7,60.8,766,436,331,56.9,1.9,55.8,60.6,765,434,331,56.7,2.1,55.5,61.2,763,418,345,54.8,4.3,52.4,59.2,763,442,321,57.9,1.6,57.0,61.9,762,445,317,58.4,1.1,57.7,62.5,762,448,314,58.8,2.5,57.4,63.5,762,442,320,58.0,3.7,55.9,62.2,763,462,302,60.5,1.6,59.5,64.7,763,460,303,60.2,1.3,59.4,64.6,762,459,304,60.2,2.9,58.4,64.7,761,460,301,60.4,4.4,57.8,64.6,761,477,283,62.8,1.6,61.8,66.6,760,468,292,61.6,1.8,60.4,64.8,759,464,295,61.1,2.8,59.3,64.2,758,455,303,60.0,3.8,57.7,63.4,756,470,286,62.2,2.0,60.9,64.7,755,464,291,61.5,2.0,60.2,64.6,753,457,295,60.8,4.4,58.1,63.6,752,448,304,59.5,4.7,56.8,62.2,751,459,292,61.1,1.7,60.1,64.6,751,456,295,60.8,1.7,59.7,64.0,751,453,298,60.3,4.7,57.5,63.5,751,449,302,59.8,5.7,56.3,62.4
"경상북도","계",2309,1455,854,63.0,3.8,60.6,66.7,2313,1511,802,65.3,3.2,63.2,68.0,2315,1504,811,65.0,3.1,63.0,67.6,2315,1491,823,64.4,2.6,62.7,67.8,2316,1466,850,63.3,3.9,60.8,66.9,2316,1512,805,65.3,2.9,63.4,68.3,2316,1494,822,64.5,2.0,63.2,68.5,2316,1479,837,63.9,2.3,62.4,67.7,2315,1448,867,62.5,4.8,59.5,65.8,2316,1502,814,64.8,4.0,62.3,67.1,2316,1507,809,65.1,4.3,62.3,67.0,2317,1495,822,64.5,3.5,62.3,67.8,2317,1459,858,63.0,4.9,59.9,66.5,2318,1503,815,64.8,4.5,61.9,67.4,2318,1493,826,64.4,3.0,62.5,67.7,2319,1499,821,64.6,3.3,62.5,68.0,2320,1459,861,62.9,4.2,60.2,66.2,2321,1485,836,64.0,4.9,60.9,65.7,2321,1494,827,64.4,3.5,62.1,67.1,2320,1475,845,63.6,3.6,61.3,66.6,2317,1434,883,61.9,5.4,58.5,64.2,2311,1472,839,63.7,3.7,61.3,65.3,2309,1465,844,63.4,1.8,62.3,66.4,2310,1458,852,63.1,2.0,61.8,66.9,2319,1454,865,62.7,3.4,60.6,66.6,2328,1525,802,65.5,2.2,64.1,69.2,2328,1513,815,65.0,1.8,63.8,68.5,2326,1504,822,64.6,2.6,63.0,68.5,2320,1470,850,63.4,3.0,61.5,67.0,2314,1538,776,66.5,2.7,64.7,69.2,2290,1499,791,65.5,2.2,64.0,68.4,2289,1496,793,65.4,2.5,63.7,68.8,2286,1474,813,64.5,3.4,62.3,67.3,2284,1525,759,66.8,2.7,65.0,69.4,2283,1506,777,66.0,1.8,64.8,69.3,2282,1495,788,65.5,2.3,64.0,69.6,2284,1476,807,64.6,3.1,62.7,68.0,2284,1543,741,67.5,3.1,65.5,69.8,2283,1544,740,67.6,1.9,66.3,71.3,2282,1512,770,66.3,2.6,64.6,71.0,2284,1469,815,64.3,3.6,62.0,69.1
"경상북도","남자",1142,866,276,75.8,3.9,72.9,76.5,1145,874,271,76.3,3.1,73.9,77.1,1147,875,272,76.3,3.0,74.1,77.3,1147,878,269,76.5,2.6,74.6,78.0,1148,864,284,75.3,3.5,72.7,76.7,1149,877,272,76.3,2.9,74.2,78.0,1149,870,279,75.7,2.0,74.2,78.2,1150,872,278,75.8,2.4,74.0,77.6,1150,866,284,75.3,4.8,71.7,75.7,1150,868,282,75.5,3.8,72.6,75.6,1151,872,279,75.8,4.4,72.5,75.4,1152,872,280,75.7,3.5,73.1,76.3,1153,867,286,75.2,4.8,71.6,75.2,1154,876,279,75.9,5.2,71.9,75.5,1155,872,284,75.5,3.7,72.6,76.2,1157,872,284,75.4,3.5,72.8,76.3,1157,870,288,75.1,4.1,72.0,75.7,1158,868,291,74.9,5.3,71.0,74.6,1158,871,288,75.2,3.7,72.4,76.2,1159,864,295,74.6,3.6,71.9,75.6,1158,860,298,74.2,5.7,70.0,73.8,1155,863,292,74.8,4.1,71.7,75.2,1154,853,300,74.0,2.1,72.4,76.0,1155,859,296,74.4,1.9,72.9,77.1,1161,864,297,74.4,3.1,72.1,76.5,1166,877,288,75.3,2.2,73.6,77.5,1166,870,296,74.6,1.9,73.2,76.6,1165,870,295,74.7,2.3,72.9,76.9,1163,856,307,73.6,2.7,71.6,75.4,1160,875,285,75.4,2.7,73.3,76.2,1148,858,290,74.7,2.8,72.6,75.4,1149,856,293,74.5,2.3,72.8,76.0,1148,848,300,73.9,3.2,71.5,74.5,1148,862,286,75.1,2.7,73.1,76.2,1148,846,303,73.6,1.9,72.2,75.7,1149,847,303,73.7,2.2,72.1,76.1,1151,839,312,72.9,3.1,70.6,74.3,1152,870,283,75.5,4.0,72.4,75.9,1153,859,293,74.6,2.4,72.7,76.7,1153,857,297,74.3,2.6,72.4,77.0,1155,844,311,73.1,3.3,70.7,76.4
"경상북도","여자",1167,589,578,50.5,3.6,48.7,56.1,1168,637,531,54.5,3.3,52.7,58.3,1168,629,539,53.8,3.2,52.1,57.0,1168,613,554,52.5,2.7,51.1,56.8,1167,602,566,51.6,4.6,49.2,56.4,1167,634,533,54.4,2.9,52.8,57.9,1167,624,542,53.5,2.0,52.4,58.0,1166,607,559,52.1,2.2,50.9,57.0,1166,582,583,50.0,4.9,47.5,55.2,1166,634,532,54.4,4.2,52.1,58.0,1166,635,531,54.5,4.1,52.2,58.0,1165,623,542,53.5,3.5,51.6,58.5,1165,592,572,50.9,5.0,48.3,57.1,1164,627,536,53.9,3.4,52.1,58.6,1163,621,542,53.4,1.9,52.4,58.5,1163,626,536,53.9,3.0,52.2,59.0,1163,589,573,50.7,4.4,48.5,55.8,1163,618,546,53.1,4.3,50.8,55.9,1162,623,539,53.6,3.2,51.9,57.2,1161,611,550,52.6,3.5,50.8,56.7,1159,574,585,49.5,4.9,47.1,53.6,1156,608,548,52.6,3.2,51.0,54.4,1155,611,543,52.9,1.2,52.3,55.9,1155,599,556,51.9,2.2,50.7,55.6,1158,590,568,50.9,3.8,49.0,55.5,1162,648,514,55.8,2.1,54.6,59.9,1162,643,520,55.3,1.7,54.3,59.5,1161,633,527,54.6,3.0,52.9,59.1,1157,614,543,53.0,3.4,51.3,57.7,1154,663,491,57.5,2.6,56.0,61.5,1141,641,501,56.1,1.5,55.3,60.6,1140,640,500,56.1,2.8,54.5,60.8,1138,626,513,55.0,3.7,52.9,59.4,1136,663,473,58.4,2.7,56.8,61.7,1135,661,474,58.2,1.6,57.3,62.1,1133,648,485,57.2,2.6,55.7,62.3,1133,637,495,56.2,3.1,54.5,61.0,1132,673,459,59.5,1.8,58.4,62.9,1131,685,446,60.5,1.3,59.8,65.1,1129,656,473,58.1,2.5,56.6,64.1,1129,625,504,55.4,4.0,53.1,60.8
"경상남도","계",2805,1729,1076,61.7,3.5,59.5,65.0,2810,1768,1042,62.9,3.6,60.6,65.8,2814,1782,1033,63.3,3.6,61.0,66.2,2819,1772,1047,62.9,2.6,61.2,66.7,2824,1750,1074,62.0,3.4,59.8,65.8,2828,1792,1036,63.4,3.1,61.4,66.9,2832,1778,1054,62.8,2.6,61.1,66.5,2835,1781,1055,62.8,2.6,61.1,66.5,2839,1757,1082,61.9,3.4,59.8,65.6,2843,1820,1023,64.0,3.1,62.0,67.4,2847,1818,1028,63.9,2.7,62.1,67.4,2850,1807,1043,63.4,2.9,61.6,67.2,2852,1806,1046,63.3,4.4,60.6,67.0,2853,1833,1020,64.2,4.5,61.4,66.9,2855,1816,1039,63.6,3.4,61.4,66.9,2857,1815,1042,63.5,2.9,61.7,67.3,2856,1803,1053,63.1,4.0,60.6,66.3,2853,1804,1050,63.2,4.3,60.5,65.2,2853,1806,1047,63.3,3.7,61.0,65.5,2854,1795,1059,62.9,4.0,60.3,65.1,2856,1784,1072,62.5,5.7,58.9,64.0,2854,1832,1023,64.2,3.8,61.7,66.2,2854,1816,1038,63.6,3.1,61.6,66.2,2854,1790,1065,62.7,3.7,60.4,65.3,2853,1779,1075,62.3,3.8,60.0,65.8,2853,1832,1021,64.2,3.6,61.9,67.0,2850,1799,1051,63.1,3.0,61.2,66.3,2847,1790,1057,62.9,2.8,61.1,66.7,2846,1780,1066,62.6,3.7,60.3,66.5,2840,1836,1004,64.6,2.4,63.1,69.2,2837,1801,1036,63.5,1.7,62.4,68.5,2836,1803,1033,63.6,2.2,62.2,68.5,2833,1789,1044,63.2,2.7,61.4,67.4,2830,1818,1012,64.3,2.0,63.0,68.7,2829,1790,1039,63.3,1.8,62.1,67.7,2829,1798,1031,63.5,2.6,61.9,68.3,2834,1805,1029,63.7,2.3,62.3,68.5,2839,1832,1007,64.5,1.9,63.3,69.4,2842,1838,1005,64.6,1.6,63.6,70.2,2846,1864,982,65.5,2.1,64.1,71.5,2851,1854,998,65.0,2.8,63.2,70.6
"경상남도","남자",1399,1036,363,74.0,3.7,71.3,75.2,1402,1057,346,75.3,3.9,72.4,76.1,1405,1063,342,75.7,4.2,72.5,76.1,1407,1053,354,74.8,2.5,72.9,76.8,1410,1047,363,74.2,3.4,71.7,75.8,1413,1065,348,75.4,3.7,72.6,76.5,1415,1059,356,74.8,3.1,72.5,76.5,1417,1070,347,75.5,3.0,73.2,77.3,1419,1053,365,74.2,3.5,71.7,76.0,1420,1075,345,75.7,3.1,73.4,77.8,1422,1088,334,76.5,2.8,74.4,78.6,1424,1078,346,75.7,3.1,73.3,77.8,1425,1071,354,75.2,4.7,71.7,76.4,1426,1079,347,75.7,4.9,72.0,76.5,1427,1066,362,74.7,3.4,72.1,76.5,1429,1058,372,74.0,2.3,72.3,76.7,1429,1055,374,73.8,3.6,71.1,75.8,1427,1056,371,74.0,4.4,70.8,74.9,1428,1057,371,74.0,4.4,70.8,74.4,1429,1049,381,73.4,4.1,70.4,74.0,1432,1038,394,72.5,5.2,68.7,72.3,1431,1061,370,74.1,3.8,71.3,74.6,1431,1052,378,73.6,3.8,70.8,74.0,1432,1043,389,72.8,3.7,70.2,73.7,1430,1038,393,72.5,3.8,69.8,74.5,1430,1058,372,74.0,3.2,71.6,76.1,1428,1039,389,72.8,2.9,70.7,75.1,1426,1029,398,72.1,2.4,70.4,74.9,1428,1023,405,71.6,3.5,69.1,74.0,1425,1033,392,72.5,2.7,70.6,75.6,1424,1009,414,70.9,1.7,69.7,74.9,1424,1013,411,71.2,2.2,69.6,75.1,1422,1014,408,71.3,2.2,69.7,75.0,1420,1024,396,72.1,1.7,70.9,76.2,1421,1011,410,71.1,2.0,69.7,74.9,1422,1013,409,71.3,2.1,69.8,75.5,1427,1015,412,71.1,2.1,69.6,75.1,1432,1034,398,72.2,2.1,70.7,75.9,1434,1048,386,73.1,1.6,71.9,77.5,1438,1062,376,73.9,1.8,72.5,78.5,1443,1055,388,73.1,2.8,71.1,77.5
"경상남도","여자",1406,693,712,49.3,3.2,47.7,54.1,1408,712,696,50.5,3.3,48.9,54.8,1410,719,691,51.0,2.8,49.5,55.5,1411,719,693,50.9,2.8,49.5,55.8,1413,703,711,49.7,3.4,48.0,55.0,1415,727,689,51.3,2.1,50.2,56.5,1417,719,698,50.7,2.0,49.7,55.7,1418,710,708,50.1,2.1,49.1,54.9,1420,704,717,49.5,3.4,47.9,54.4,1423,745,677,52.4,3.2,50.7,56.1,1425,730,694,51.3,2.5,50.0,55.3,1426,730,697,51.2,2.4,49.9,55.7,1427,735,692,51.5,3.9,49.5,56.7,1427,753,674,52.8,3.8,50.8,56.6,1427,751,677,52.6,3.5,50.8,56.5,1428,757,670,53.1,3.6,51.1,57.3,1427,748,679,52.4,4.6,50.0,56.0,1426,747,679,52.4,4.0,50.3,54.9,1425,749,676,52.6,2.8,51.1,55.8,1425,746,679,52.4,4.0,50.3,55.4,1424,746,678,52.4,6.3,49.1,55.0,1423,771,652,54.2,3.8,52.1,57.1,1423,764,659,53.7,2.2,52.5,57.7,1423,747,676,52.5,3.7,50.6,56.2,1423,741,682,52.1,3.8,50.1,56.3,1424,774,650,54.4,4.1,52.1,57.1,1422,760,662,53.4,3.2,51.7,56.7,1420,761,659,53.6,3.2,51.9,57.8,1418,758,660,53.4,3.9,51.3,58.3,1415,803,612,56.7,2.0,55.6,62.2,1413,792,621,56.0,1.6,55.1,61.6,1413,790,623,55.9,2.2,54.7,61.2,1411,776,636,55.0,3.3,53.1,59.2,1410,794,616,56.3,2.3,55.0,60.6,1409,779,630,55.3,1.6,54.4,59.9,1407,785,623,55.8,3.2,54.0,60.5,1407,791,617,56.2,2.5,54.8,61.1,1408,799,609,56.7,1.6,55.8,62.2,1408,789,619,56.1,1.7,55.1,62.1,1408,802,607,56.9,2.4,55.5,63.8,1409,799,609,56.7,2.9,55.1,63.0
"제주도","계",506,353,153,69.7,2.2,68.1,73.3,511,359,151,70.3,2.2,68.8,73.2,515,366,149,71.1,2.4,69.3,73.6,518,373,145,72.0,1.8,70.7,75.0,522,374,148,71.7,2.0,70.3,75.7,526,383,143,72.8,1.9,71.4,76.5,530,385,145,72.6,2.2,71.1,76.1,533,385,149,72.1,1.7,70.9,75.8,537,376,161,69.9,2.5,68.2,74.2,541,376,165,69.5,1.4,68.5,73.8,546,378,168,69.3,1.6,68.2,73.2,550,388,162,70.5,2.3,68.9,73.5,554,385,169,69.6,2.6,67.8,72.2,557,390,167,70.1,2.3,68.5,72.3,559,388,171,69.4,1.9,68.1,72.0,562,397,165,70.6,1.8,69.3,73.3,562,391,172,69.4,2.7,67.5,71.2,563,383,180,68.1,3.2,65.9,69.3,563,386,177,68.6,2.1,67.2,70.6,565,391,174,69.3,1.9,67.9,71.8,566,391,175,69.1,4.0,66.3,70.7,567,401,166,70.7,3.3,68.4,72.1,568,390,179,68.6,2.6,66.8,70.9,570,400,171,70.1,2.6,68.3,72.7,572,403,169,70.4,2.5,68.7,73.4,574,405,169,70.6,2.0,69.2,73.3,575,411,164,71.5,1.8,70.2,74.8,577,423,154,73.3,2.2,71.7,76.3,578,403,175,69.7,2.7,67.8,73.0,579,409,170,70.7,2.1,69.2,74.2,580,411,169,70.8,1.4,69.9,75.2,580,412,168,71.0,1.4,70.0,75.8,579,411,168,70.9,2.6,69.1,74.8,578,412,166,71.3,2.3,69.7,75.1,577,409,168,70.9,1.9,69.5,74.4,577,408,169,70.8,2.6,69.0,74.6,577,407,170,70.5,2.4,68.8,73.9,577,413,164,71.6,2.0,70.2,74.7,577,409,167,71.0,1.5,69.9,74.4,577,418,159,72.5,2.8,70.5,76.2,577,421,155,73.1,2.7,71.1,76.2
"제주도","남자",249,193,56,77.4,2.7,75.3,79.3,251,196,56,77.8,2.5,75.9,79.4,254,199,55,78.4,2.8,76.1,79.4,256,200,56,78.1,2.2,76.4,80.3,258,203,55,78.6,2.1,77.0,81.4,260,205,55,78.9,1.8,77.4,82.0,262,206,57,78.5,2.4,76.6,81.1,264,208,57,78.5,2.3,76.7,81.5,266,205,61,77.0,1.9,75.6,80.6,269,205,63,76.5,1.1,75.7,80.2,271,209,62,77.3,1.5,76.1,80.0,273,212,62,77.5,2.3,75.7,79.2,275,214,61,77.8,2.4,76.0,79.4,277,215,62,77.7,2.2,76.0,79.2,278,211,66,76.1,2.5,74.2,77.9,279,214,66,76.5,1.6,75.3,79.2,280,210,70,75.0,2.3,73.3,76.7,280,206,74,73.5,4.0,70.5,73.6,280,207,74,73.7,2.0,72.2,75.2,281,209,72,74.4,1.7,73.1,76.3,282,210,72,74.4,3.4,71.8,75.1,282,215,67,76.2,3.4,73.6,76.6,283,213,70,75.2,2.4,73.4,77.1,284,216,68,76.1,1.9,74.6,78.7,284,218,65,76.9,2.5,75.0,79.1,284,217,68,76.1,2.3,74.4,78.1,285,221,64,77.5,2.1,75.9,79.7,286,225,61,78.8,2.5,76.8,80.7,287,219,67,76.5,2.8,74.3,78.8,287,222,66,77.2,2.3,75.4,79.7,287,221,67,76.9,1.0,76.1,80.4,288,222,66,77.0,1.1,76.2,80.5,287,218,69,76.1,2.4,74.2,79.2,287,220,66,76.8,2.0,75.3,80.2,287,219,68,76.2,1.8,74.9,79.1,287,218,69,76.0,2.6,74.1,79.0,287,217,70,75.5,2.4,73.6,77.9,287,219,68,76.4,2.4,74.6,78.4,287,214,73,74.7,1.7,73.4,76.8,287,216,71,75.3,2.9,73.2,77.6,287,220,67,76.7,2.7,74.6,78.9
"제주도","여자",257,160,97,62.2,1.7,61.2,67.1,259,164,96,63.1,1.8,61.9,66.7,261,167,94,64.0,2.0,62.8,67.5,263,173,90,65.9,1.3,65.1,69.4,264,171,93,64.9,1.9,63.7,69.7,266,178,88,66.8,2.0,65.5,70.8,267,179,89,66.9,2.0,65.6,70.9,269,177,92,65.9,1.0,65.2,69.8,271,171,100,63.1,3.2,61.0,67.5,273,171,102,62.7,1.9,61.5,67.1,275,169,106,61.4,1.7,60.4,66.0,277,176,101,63.6,2.3,62.1,67.4,279,171,108,61.4,2.7,59.7,64.7,280,175,105,62.5,2.4,61.0,65.1,282,177,105,62.7,1.1,62.0,65.7,283,183,100,64.8,2.0,63.5,67.1,283,181,102,63.9,3.2,61.9,65.3,283,178,105,62.7,2.3,61.3,64.6,283,180,104,63.5,2.1,62.1,65.8,284,182,101,64.2,2.2,62.8,66.9,284,181,103,63.8,4.6,60.8,66.1,285,186,99,65.3,3.3,63.2,67.4,286,177,109,62.0,2.9,60.2,64.3,287,184,103,64.1,3.4,61.9,66.5,288,184,104,64.0,2.5,62.4,67.4,289,189,101,65.1,1.8,64.0,68.3,290,191,100,65.7,1.6,64.6,69.8,291,197,94,67.8,1.8,66.6,71.6,292,184,108,63.0,2.6,61.4,67.0,292,188,104,64.3,1.8,63.1,68.4,292,190,103,64.9,1.7,63.8,69.8,292,191,102,65.2,1.8,64.0,70.9,292,192,100,65.9,2.8,64.1,70.2,291,192,99,65.9,2.6,64.2,69.7,291,190,100,65.5,1.9,64.2,69.4,290,190,100,65.5,2.5,63.9,70.0,290,190,100,65.6,2.3,64.1,69.6,290,194,96,66.9,1.6,65.9,70.7,290,195,95,67.3,1.3,66.4,71.8,290,202,88,69.7,2.8,67.7,74.7,290,201,88,69.5,2.7,67.6,73.3
